C:\SahilAppProjects\Spruce-M\assets\build_assets.py:15: DeprecationWarning: 'Material.use_nodes' is expected to be removed in Blender 6.0
  m=bpy.data.materials.new(name); m.diffuse_color=(*color,1); m.use_nodes=True
INFO Draco mesh compression is available, use library at C:\Program Files\Blender Foundation\Blender 5.1\5.1\scripts\addons_core\io_scene_gltf2\extern_draco.dll
22:24:31 | INFO: Starting glTF 2.0 export
22:24:31 | INFO: Extracting primitive: Sphere.013
22:24:31 | INFO: Primitives created: 1
22:24:31 | INFO: Extracting primitive: Sphere.016
22:24:31 | INFO: Primitives created: 1
22:24:31 | INFO: Extracting primitive: Sphere.014
22:24:31 | INFO: Primitives created: 1
22:24:31 | INFO: Extracting primitive: Sphere.017
22:24:31 | INFO: Primitives created: 1
22:24:31 | INFO: Extracting primitive: Sphere.001
22:24:31 | INFO: Primitives created: 1
22:24:31 | INFO: Extracting primitive: Cone.002
22:24:31 | INFO: Primitives created: 1
22:24:31 | INFO: Extracting primitive: Cone.005
22:24:31 | INFO: Primitives created: 1
22:24:31 | INFO: Extracting primitive: Sphere.015
22:24:31 | INFO: Primitives created: 1
22:24:31 | INFO: Extracting primitive: Sphere.018
22:24:31 | INFO: Primitives created: 1
22:24:31 | INFO: Extracting primitive: Cone
22:24:31 | INFO: Primitives created: 1
22:24:31 | INFO: Extracting primitive: Cone.003
22:24:31 | INFO: Primitives created: 1
22:24:31 | INFO: Extracting primitive: Sphere
22:24:31 | INFO: Primitives created: 1
22:24:31 | INFO: Extracting primitive: Cone.001
22:24:31 | INFO: Primitives created: 1
22:24:31 | INFO: Extracting primitive: Cone.004
22:24:31 | INFO: Primitives created: 1
22:24:31 | INFO: Extracting primitive: Cube.003
22:24:31 | INFO: Primitives created: 1
22:24:31 | INFO: Extracting primitive: Cube.001
22:24:31 | INFO: Primitives created: 1
22:24:31 | INFO: Extracting primitive: Cube.002
22:24:31 | INFO: Primitives created: 1
22:24:31 | INFO: Extracting primitive: Sphere.010
22:24:31 | INFO: Primitives created: 1
22:24:31 | INFO: Extracting primitive: Sphere.011
22:24:31 | INFO: Primitives created: 1
22:24:31 | INFO: Extracting primitive: Sphere.005
22:24:31 | INFO: Primitives created: 1
22:24:31 | INFO: Extracting primitive: Sphere.008
22:24:31 | INFO: Primitives created: 1
22:24:31 | INFO: Extracting primitive: Sphere.003
22:24:31 | INFO: Primitives created: 1
22:24:31 | INFO: Extracting primitive: Sphere.006
22:24:31 | INFO: Primitives created: 1
22:24:31 | INFO: Extracting primitive: Sphere.009
22:24:31 | INFO: Primitives created: 1
22:24:31 | INFO: Extracting primitive: Sphere.002
22:24:31 | INFO: Primitives created: 1
22:24:31 | INFO: Extracting primitive: Cube.004
22:24:31 | INFO: Primitives created: 1
22:24:31 | INFO: Extracting primitive: Sphere.012
22:24:31 | INFO: Primitives created: 1
22:24:31 | INFO: Extracting primitive: Sphere.004
22:24:31 | INFO: Primitives created: 1
22:24:31 | INFO: Extracting primitive: Sphere.007
22:24:31 | INFO: Primitives created: 1
22:24:31 | INFO: Finished glTF 2.0 export in 0.19150185585021973 s

22:24:31 | INFO: Starting glTF 2.0 export
22:24:31 | INFO: Extracting primitive: Sphere.013
22:24:31 | INFO: Primitives created: 1
22:24:31 | INFO: Extracting primitive: Sphere.016
22:24:31 | INFO: Primitives created: 1
22:24:31 | INFO: Extracting primitive: Sphere.014
22:24:31 | INFO: Primitives created: 1
22:24:31 | INFO: Extracting primitive: Sphere.017
22:24:31 | INFO: Primitives created: 1
22:24:31 | INFO: Extracting primitive: Sphere.001
22:24:31 | INFO: Primitives created: 1
22:24:31 | INFO: Extracting primitive: Cone.002
22:24:31 | INFO: Primitives created: 1
22:24:31 | INFO: Extracting primitive: Cone.005
22:24:31 | INFO: Primitives created: 1
22:24:31 | INFO: Extracting primitive: Sphere.015
22:24:31 | INFO: Primitives created: 1
22:24:31 | INFO: Extracting primitive: Sphere.018
22:24:31 | INFO: Primitives created: 1
22:24:31 | INFO: Extracting primitive: Cone
22:24:31 | INFO: Primitives created: 1
22:24:31 | INFO: Extracting primitive: Cone.003
22:24:31 | INFO: Primitives created: 1
22:24:31 | INFO: Extracting primitive: Sphere
22:24:31 | INFO: Primitives created: 1
22:24:31 | INFO: Extracting primitive: Cone.001
22:24:31 | INFO: Primitives created: 1
22:24:31 | INFO: Extracting primitive: Cone.004
22:24:31 | INFO: Primitives created: 1
22:24:31 | INFO: Extracting primitive: Cube.003
22:24:31 | INFO: Primitives created: 1
22:24:31 | INFO: Extracting primitive: Cube.001
22:24:31 | INFO: Primitives created: 1
22:24:31 | INFO: Extracting primitive: Cube.002
22:24:31 | INFO: Primitives created: 1
22:24:31 | INFO: Extracting primitive: Sphere.010
22:24:31 | INFO: Primitives created: 1
22:24:31 | INFO: Extracting primitive: Sphere.011
22:24:31 | INFO: Primitives created: 1
22:24:31 | INFO: Extracting primitive: Sphere.005
22:24:31 | INFO: Primitives created: 1
22:24:31 | INFO: Extracting primitive: Sphere.008
22:24:31 | INFO: Primitives created: 1
22:24:31 | INFO: Extracting primitive: Sphere.003
22:24:31 | INFO: Primitives created: 1
22:24:31 | INFO: Extracting primitive: Sphere.006
22:24:31 | INFO: Primitives created: 1
22:24:31 | INFO: Extracting primitive: Sphere.009
22:24:31 | INFO: Primitives created: 1
22:24:31 | INFO: Extracting primitive: Sphere.002
22:24:31 | INFO: Primitives created: 1
22:24:31 | INFO: Extracting primitive: Cube.004
22:24:31 | INFO: Primitives created: 1
22:24:31 | INFO: Extracting primitive: Sphere.012
22:24:31 | INFO: Primitives created: 1
22:24:31 | INFO: Extracting primitive: Sphere.004
22:24:31 | INFO: Primitives created: 1
22:24:31 | INFO: Extracting primitive: Sphere.007
22:24:31 | INFO: Primitives created: 1
22:24:31 | INFO: Finished glTF 2.0 export in 0.09388446807861328 s

22:24:31 | INFO: Starting glTF 2.0 export
22:24:31 | INFO: Extracting primitive: Sphere.013
22:24:31 | INFO: Primitives created: 1
22:24:31 | INFO: Extracting primitive: Sphere.016
22:24:31 | INFO: Primitives created: 1
22:24:31 | INFO: Extracting primitive: Sphere.014
22:24:31 | INFO: Primitives created: 1
22:24:31 | INFO: Extracting primitive: Sphere.017
22:24:31 | INFO: Primitives created: 1
22:24:31 | INFO: Extracting primitive: Sphere.001
22:24:31 | INFO: Primitives created: 1
22:24:31 | INFO: Extracting primitive: Cone.002
22:24:31 | INFO: Primitives created: 1
22:24:31 | INFO: Extracting primitive: Cone.005
22:24:31 | INFO: Primitives created: 1
22:24:31 | INFO: Extracting primitive: Sphere.015
22:24:31 | INFO: Primitives created: 1
22:24:31 | INFO: Extracting primitive: Sphere.018
22:24:31 | INFO: Primitives created: 1
22:24:31 | INFO: Extracting primitive: Cone
22:24:31 | INFO: Primitives created: 1
22:24:31 | INFO: Extracting primitive: Cone.003
22:24:31 | INFO: Primitives created: 1
22:24:31 | INFO: Extracting primitive: Sphere
22:24:31 | INFO: Primitives created: 1
22:24:31 | INFO: Extracting primitive: Cone.001
22:24:31 | INFO: Primitives created: 1
22:24:31 | INFO: Extracting primitive: Cone.004
22:24:31 | INFO: Primitives created: 1
22:24:31 | INFO: Extracting primitive: Cube.003
22:24:31 | INFO: Primitives created: 1
22:24:31 | INFO: Extracting primitive: Cube.001
22:24:31 | INFO: Primitives created: 1
22:24:31 | INFO: Extracting primitive: Cube.002
22:24:31 | INFO: Primitives created: 1
22:24:31 | INFO: Extracting primitive: Sphere.010
22:24:31 | INFO: Primitives created: 1
22:24:31 | INFO: Extracting primitive: Sphere.011
22:24:31 | INFO: Primitives created: 1
22:24:31 | INFO: Extracting primitive: Sphere.005
22:24:31 | INFO: Primitives created: 1
22:24:31 | INFO: Extracting primitive: Sphere.008
22:24:31 | INFO: Primitives created: 1
22:24:31 | INFO: Extracting primitive: Sphere.003
22:24:31 | INFO: Primitives created: 1
22:24:31 | INFO: Extracting primitive: Sphere.006
22:24:31 | INFO: Primitives created: 1
22:24:31 | INFO: Extracting primitive: Sphere.009
22:24:31 | INFO: Primitives created: 1
22:24:31 | INFO: Extracting primitive: Sphere.002
22:24:31 | INFO: Primitives created: 1
22:24:31 | INFO: Extracting primitive: Cube.004
22:24:31 | INFO: Primitives created: 1
22:24:31 | INFO: Extracting primitive: Sphere.012
22:24:31 | INFO: Primitives created: 1
22:24:31 | INFO: Extracting primitive: Sphere.004
22:24:31 | INFO: Primitives created: 1
22:24:31 | INFO: Extracting primitive: Sphere.007
22:24:31 | INFO: Primitives created: 1
22:24:31 | INFO: Finished glTF 2.0 export in 0.09320688247680664 s

22:24:31 | INFO: Starting glTF 2.0 export
22:24:31 | INFO: Extracting primitive: Sphere.034
22:24:31 | INFO: Primitives created: 1
22:24:31 | INFO: Extracting primitive: Sphere.037
22:24:31 | INFO: Primitives created: 1
22:24:31 | INFO: Extracting primitive: Sphere.035
22:24:31 | INFO: Primitives created: 1
22:24:31 | INFO: Extracting primitive: Sphere.038
22:24:31 | INFO: Primitives created: 1
22:24:31 | INFO: Extracting primitive: Sphere.020
22:24:31 | INFO: Primitives created: 1
22:24:31 | INFO: Extracting primitive: Cone.008
22:24:31 | INFO: Primitives created: 1
22:24:31 | INFO: Extracting primitive: Cone.011
22:24:31 | INFO: Primitives created: 1
22:24:31 | INFO: Extracting primitive: Sphere.036
22:24:31 | INFO: Primitives created: 1
22:24:31 | INFO: Extracting primitive: Sphere.039
22:24:31 | INFO: Primitives created: 1
22:24:31 | INFO: Extracting primitive: Cone.006
22:24:31 | INFO: Primitives created: 1
22:24:31 | INFO: Extracting primitive: Cone.009
22:24:31 | INFO: Primitives created: 1
22:24:31 | INFO: Extracting primitive: Sphere.019
22:24:31 | INFO: Primitives created: 1
22:24:31 | INFO: Extracting primitive: Cone.007
22:24:31 | INFO: Primitives created: 1
22:24:31 | INFO: Extracting primitive: Cone.010
22:24:31 | INFO: Primitives created: 1
22:24:31 | INFO: Extracting primitive: Cube.007
22:24:31 | INFO: Primitives created: 1
22:24:31 | INFO: Extracting primitive: Cube.005
22:24:31 | INFO: Primitives created: 1
22:24:31 | INFO: Extracting primitive: Cube.006
22:24:31 | INFO: Primitives created: 1
22:24:31 | INFO: Extracting primitive: Sphere.029
22:24:31 | INFO: Primitives created: 1
22:24:31 | INFO: Extracting primitive: Sphere.030
22:24:31 | INFO: Primitives created: 1
22:24:31 | INFO: Extracting primitive: Sphere.024
22:24:31 | INFO: Primitives created: 1
22:24:31 | INFO: Extracting primitive: Sphere.027
22:24:31 | INFO: Primitives created: 1
22:24:31 | INFO: Extracting primitive: Sphere.022
22:24:31 | INFO: Primitives created: 1
22:24:32 | INFO: Extracting primitive: Sphere.025
22:24:32 | INFO: Primitives created: 1
22:24:32 | INFO: Extracting primitive: Sphere.028
22:24:32 | INFO: Primitives created: 1
22:24:32 | INFO: Extracting primitive: Sphere.032
22:24:32 | INFO: Primitives created: 1
22:24:32 | INFO: Extracting primitive: Sphere.033
22:24:32 | INFO: Primitives created: 1
22:24:32 | INFO: Extracting primitive: Sphere.021
22:24:32 | INFO: Primitives created: 1
22:24:32 | INFO: Extracting primitive: Sphere.031
22:24:32 | INFO: Primitives created: 1
22:24:32 | INFO: Extracting primitive: Sphere.023
22:24:32 | INFO: Primitives created: 1
22:24:32 | INFO: Extracting primitive: Sphere.026
22:24:32 | INFO: Primitives created: 1
22:24:32 | INFO: Finished glTF 2.0 export in 0.10542535781860352 s

22:24:32 | INFO: Starting glTF 2.0 export
22:24:32 | INFO: Extracting primitive: Sphere.034
22:24:32 | INFO: Primitives created: 1
22:24:32 | INFO: Extracting primitive: Sphere.037
22:24:32 | INFO: Primitives created: 1
22:24:32 | INFO: Extracting primitive: Sphere.035
22:24:32 | INFO: Primitives created: 1
22:24:32 | INFO: Extracting primitive: Sphere.038
22:24:32 | INFO: Primitives created: 1
22:24:32 | INFO: Extracting primitive: Sphere.020
22:24:32 | INFO: Primitives created: 1
22:24:32 | INFO: Extracting primitive: Cone.008
22:24:32 | INFO: Primitives created: 1
22:24:32 | INFO: Extracting primitive: Cone.011
22:24:32 | INFO: Primitives created: 1
22:24:32 | INFO: Extracting primitive: Sphere.036
22:24:32 | INFO: Primitives created: 1
22:24:32 | INFO: Extracting primitive: Sphere.039
22:24:32 | INFO: Primitives created: 1
22:24:32 | INFO: Extracting primitive: Cone.006
22:24:32 | INFO: Primitives created: 1
22:24:32 | INFO: Extracting primitive: Cone.009
22:24:32 | INFO: Primitives created: 1
22:24:32 | INFO: Extracting primitive: Sphere.019
22:24:32 | INFO: Primitives created: 1
22:24:32 | INFO: Extracting primitive: Cone.007
22:24:32 | INFO: Primitives created: 1
22:24:32 | INFO: Extracting primitive: Cone.010
22:24:32 | INFO: Primitives created: 1
22:24:32 | INFO: Extracting primitive: Cube.007
22:24:32 | INFO: Primitives created: 1
22:24:32 | INFO: Extracting primitive: Cube.005
22:24:32 | INFO: Primitives created: 1
22:24:32 | INFO: Extracting primitive: Cube.006
22:24:32 | INFO: Primitives created: 1
22:24:32 | INFO: Extracting primitive: Sphere.029
22:24:32 | INFO: Primitives created: 1
22:24:32 | INFO: Extracting primitive: Sphere.030
22:24:32 | INFO: Primitives created: 1
22:24:32 | INFO: Extracting primitive: Sphere.024
22:24:32 | INFO: Primitives created: 1
22:24:32 | INFO: Extracting primitive: Sphere.027
22:24:32 | INFO: Primitives created: 1
22:24:32 | INFO: Extracting primitive: Sphere.022
22:24:32 | INFO: Primitives created: 1
22:24:32 | INFO: Extracting primitive: Sphere.025
22:24:32 | INFO: Primitives created: 1
22:24:32 | INFO: Extracting primitive: Sphere.028
22:24:32 | INFO: Primitives created: 1
22:24:32 | INFO: Extracting primitive: Sphere.032
22:24:32 | INFO: Primitives created: 1
22:24:32 | INFO: Extracting primitive: Sphere.033
22:24:32 | INFO: Primitives created: 1
22:24:32 | INFO: Extracting primitive: Sphere.021
22:24:32 | INFO: Primitives created: 1
22:24:32 | INFO: Extracting primitive: Sphere.031
22:24:32 | INFO: Primitives created: 1
22:24:32 | INFO: Extracting primitive: Sphere.023
22:24:32 | INFO: Primitives created: 1
22:24:32 | INFO: Extracting primitive: Sphere.026
22:24:32 | INFO: Primitives created: 1
22:24:32 | INFO: Finished glTF 2.0 export in 0.10504388809204102 s

22:24:32 | INFO: Starting glTF 2.0 export
22:24:32 | INFO: Extracting primitive: Sphere.034
22:24:32 | INFO: Primitives created: 1
22:24:32 | INFO: Extracting primitive: Sphere.037
22:24:32 | INFO: Primitives created: 1
22:24:32 | INFO: Extracting primitive: Sphere.035
22:24:32 | INFO: Primitives created: 1
22:24:32 | INFO: Extracting primitive: Sphere.038
22:24:32 | INFO: Primitives created: 1
22:24:32 | INFO: Extracting primitive: Sphere.020
22:24:32 | INFO: Primitives created: 1
22:24:32 | INFO: Extracting primitive: Cone.008
22:24:32 | INFO: Primitives created: 1
22:24:32 | INFO: Extracting primitive: Cone.011
22:24:32 | INFO: Primitives created: 1
22:24:32 | INFO: Extracting primitive: Sphere.036
22:24:32 | INFO: Primitives created: 1
22:24:32 | INFO: Extracting primitive: Sphere.039
22:24:32 | INFO: Primitives created: 1
22:24:32 | INFO: Extracting primitive: Cone.006
22:24:32 | INFO: Primitives created: 1
22:24:32 | INFO: Extracting primitive: Cone.009
22:24:32 | INFO: Primitives created: 1
22:24:32 | INFO: Extracting primitive: Sphere.019
22:24:32 | INFO: Primitives created: 1
22:24:32 | INFO: Extracting primitive: Cone.007
22:24:32 | INFO: Primitives created: 1
22:24:32 | INFO: Extracting primitive: Cone.010
22:24:32 | INFO: Primitives created: 1
22:24:32 | INFO: Extracting primitive: Cube.007
22:24:32 | INFO: Primitives created: 1
22:24:32 | INFO: Extracting primitive: Cube.005
22:24:32 | INFO: Primitives created: 1
22:24:32 | INFO: Extracting primitive: Cube.006
22:24:32 | INFO: Primitives created: 1
22:24:32 | INFO: Extracting primitive: Sphere.029
22:24:32 | INFO: Primitives created: 1
22:24:32 | INFO: Extracting primitive: Sphere.030
22:24:32 | INFO: Primitives created: 1
22:24:32 | INFO: Extracting primitive: Sphere.024
22:24:32 | INFO: Primitives created: 1
22:24:32 | INFO: Extracting primitive: Sphere.027
22:24:32 | INFO: Primitives created: 1
22:24:32 | INFO: Extracting primitive: Sphere.022
22:24:32 | INFO: Primitives created: 1
22:24:32 | INFO: Extracting primitive: Sphere.025
22:24:32 | INFO: Primitives created: 1
22:24:32 | INFO: Extracting primitive: Sphere.028
22:24:32 | INFO: Primitives created: 1
22:24:32 | INFO: Extracting primitive: Sphere.032
22:24:32 | INFO: Primitives created: 1
22:24:32 | INFO: Extracting primitive: Sphere.033
22:24:32 | INFO: Primitives created: 1
22:24:32 | INFO: Extracting primitive: Sphere.021
22:24:32 | INFO: Primitives created: 1
22:24:32 | INFO: Extracting primitive: Sphere.031
22:24:32 | INFO: Primitives created: 1
22:24:32 | INFO: Extracting primitive: Sphere.023
22:24:32 | INFO: Primitives created: 1
22:24:32 | INFO: Extracting primitive: Sphere.026
22:24:32 | INFO: Primitives created: 1
22:24:32 | INFO: Finished glTF 2.0 export in 0.12343287467956543 s

22:24:32 | INFO: Starting glTF 2.0 export
22:24:32 | INFO: Extracting primitive: Sphere.050
22:24:32 | INFO: Primitives created: 1
22:24:32 | INFO: Extracting primitive: Sphere.053
22:24:32 | INFO: Primitives created: 1
22:24:32 | INFO: Extracting primitive: Dorsal fin
22:24:32 | INFO: Primitives created: 1
22:24:32 | INFO: Extracting primitive: Sphere.051
22:24:32 | INFO: Primitives created: 1
22:24:32 | INFO: Extracting primitive: Sphere.054
22:24:32 | INFO: Primitives created: 1
22:24:32 | INFO: Extracting primitive: Sphere.041
22:24:32 | INFO: Primitives created: 1
22:24:32 | INFO: Extracting primitive: Cone.017
22:24:32 | INFO: Primitives created: 1
22:24:32 | INFO: Extracting primitive: Cone.020
22:24:32 | INFO: Primitives created: 1
22:24:32 | INFO: Extracting primitive: Sphere.052
22:24:32 | INFO: Primitives created: 1
22:24:32 | INFO: Extracting primitive: Sphere.055
22:24:32 | INFO: Primitives created: 1
22:24:32 | INFO: Extracting primitive: Cone.015
22:24:32 | INFO: Primitives created: 1
22:24:32 | INFO: Extracting primitive: Cone.018
22:24:32 | INFO: Primitives created: 1
22:24:32 | INFO: Extracting primitive: Sphere.040
22:24:32 | INFO: Primitives created: 1
22:24:32 | INFO: Extracting primitive: Cone.016
22:24:32 | INFO: Primitives created: 1
22:24:32 | INFO: Extracting primitive: Cone.019
22:24:32 | INFO: Primitives created: 1
22:24:32 | INFO: Extracting primitive: Cube.010
22:24:32 | INFO: Primitives created: 1
22:24:32 | INFO: Extracting primitive: Cube.008
22:24:32 | INFO: Primitives created: 1
22:24:32 | INFO: Extracting primitive: Cube.009
22:24:32 | INFO: Primitives created: 1
22:24:32 | INFO: Extracting primitive: Sphere.045
22:24:32 | INFO: Primitives created: 1
22:24:32 | INFO: Extracting primitive: Sphere.048
22:24:32 | INFO: Primitives created: 1
22:24:32 | INFO: Extracting primitive: Sphere.043
22:24:32 | INFO: Primitives created: 1
22:24:32 | INFO: Extracting primitive: Sphere.046
22:24:32 | INFO: Primitives created: 1
22:24:32 | INFO: Extracting primitive: Sphere.042
22:24:32 | INFO: Primitives created: 1
22:24:32 | INFO: Extracting primitive: Sphere.044
22:24:32 | INFO: Primitives created: 1
22:24:32 | INFO: Extracting primitive: Sphere.047
22:24:32 | INFO: Primitives created: 1
22:24:32 | INFO: Extracting primitive: Sphere.049
22:24:32 | INFO: Primitives created: 1
22:24:32 | INFO: Extracting primitive: Cone.012
22:24:32 | INFO: Primitives created: 1
22:24:32 | INFO: Extracting primitive: Cone.013
22:24:32 | INFO: Primitives created: 1
22:24:32 | INFO: Extracting primitive: Cone.014
22:24:32 | INFO: Primitives created: 1
22:24:32 | INFO: Finished glTF 2.0 export in 0.10416388511657715 s

22:24:32 | INFO: Starting glTF 2.0 export
22:24:32 | INFO: Extracting primitive: Sphere.050
22:24:32 | INFO: Primitives created: 1
22:24:32 | INFO: Extracting primitive: Sphere.053
22:24:32 | INFO: Primitives created: 1
22:24:32 | INFO: Extracting primitive: Dorsal fin
22:24:32 | INFO: Primitives created: 1
22:24:32 | INFO: Extracting primitive: Sphere.051
22:24:32 | INFO: Primitives created: 1
22:24:32 | INFO: Extracting primitive: Sphere.054
22:24:32 | INFO: Primitives created: 1
22:24:32 | INFO: Extracting primitive: Sphere.041
22:24:32 | INFO: Primitives created: 1
22:24:32 | INFO: Extracting primitive: Cone.017
22:24:32 | INFO: Primitives created: 1
22:24:32 | INFO: Extracting primitive: Cone.020
22:24:32 | INFO: Primitives created: 1
22:24:32 | INFO: Extracting primitive: Sphere.052
22:24:32 | INFO: Primitives created: 1
22:24:32 | INFO: Extracting primitive: Sphere.055
22:24:32 | INFO: Primitives created: 1
22:24:32 | INFO: Extracting primitive: Cone.015
22:24:32 | INFO: Primitives created: 1
22:24:32 | INFO: Extracting primitive: Cone.018
22:24:32 | INFO: Primitives created: 1
22:24:32 | INFO: Extracting primitive: Sphere.040
22:24:32 | INFO: Primitives created: 1
22:24:32 | INFO: Extracting primitive: Cone.016
22:24:32 | INFO: Primitives created: 1
22:24:32 | INFO: Extracting primitive: Cone.019
22:24:32 | INFO: Primitives created: 1
22:24:32 | INFO: Extracting primitive: Cube.010
22:24:32 | INFO: Primitives created: 1
22:24:32 | INFO: Extracting primitive: Cube.008
22:24:32 | INFO: Primitives created: 1
22:24:32 | INFO: Extracting primitive: Cube.009
22:24:32 | INFO: Primitives created: 1
22:24:32 | INFO: Extracting primitive: Sphere.045
22:24:32 | INFO: Primitives created: 1
22:24:32 | INFO: Extracting primitive: Sphere.048
22:24:32 | INFO: Primitives created: 1
22:24:32 | INFO: Extracting primitive: Sphere.043
22:24:32 | INFO: Primitives created: 1
22:24:32 | INFO: Extracting primitive: Sphere.046
22:24:32 | INFO: Primitives created: 1
22:24:32 | INFO: Extracting primitive: Sphere.042
22:24:32 | INFO: Primitives created: 1
22:24:32 | INFO: Extracting primitive: Sphere.044
22:24:32 | INFO: Primitives created: 1
22:24:32 | INFO: Extracting primitive: Sphere.047
22:24:32 | INFO: Primitives created: 1
22:24:32 | INFO: Extracting primitive: Sphere.049
22:24:32 | INFO: Primitives created: 1
22:24:32 | INFO: Extracting primitive: Cone.012
22:24:32 | INFO: Primitives created: 1
22:24:32 | INFO: Extracting primitive: Cone.013
22:24:32 | INFO: Primitives created: 1
22:24:32 | INFO: Extracting primitive: Cone.014
22:24:32 | INFO: Primitives created: 1
22:24:32 | INFO: Finished glTF 2.0 export in 0.11243343353271484 s

22:24:32 | INFO: Starting glTF 2.0 export
22:24:32 | INFO: Extracting primitive: Sphere.050
22:24:32 | INFO: Primitives created: 1
22:24:32 | INFO: Extracting primitive: Sphere.053
22:24:32 | INFO: Primitives created: 1
22:24:32 | INFO: Extracting primitive: Dorsal fin
22:24:32 | INFO: Primitives created: 1
22:24:32 | INFO: Extracting primitive: Sphere.051
22:24:32 | INFO: Primitives created: 1
22:24:32 | INFO: Extracting primitive: Sphere.054
22:24:32 | INFO: Primitives created: 1
22:24:32 | INFO: Extracting primitive: Sphere.041
22:24:32 | INFO: Primitives created: 1
22:24:32 | INFO: Extracting primitive: Cone.017
22:24:32 | INFO: Primitives created: 1
22:24:32 | INFO: Extracting primitive: Cone.020
22:24:32 | INFO: Primitives created: 1
22:24:32 | INFO: Extracting primitive: Sphere.052
22:24:32 | INFO: Primitives created: 1
22:24:32 | INFO: Extracting primitive: Sphere.055
22:24:32 | INFO: Primitives created: 1
22:24:32 | INFO: Extracting primitive: Cone.015
22:24:32 | INFO: Primitives created: 1
22:24:32 | INFO: Extracting primitive: Cone.018
22:24:32 | INFO: Primitives created: 1
22:24:32 | INFO: Extracting primitive: Sphere.040
22:24:32 | INFO: Primitives created: 1
22:24:32 | INFO: Extracting primitive: Cone.016
22:24:32 | INFO: Primitives created: 1
22:24:32 | INFO: Extracting primitive: Cone.019
22:24:32 | INFO: Primitives created: 1
22:24:32 | INFO: Extracting primitive: Cube.010
22:24:32 | INFO: Primitives created: 1
22:24:32 | INFO: Extracting primitive: Cube.008
22:24:32 | INFO: Primitives created: 1
22:24:32 | INFO: Extracting primitive: Cube.009
22:24:32 | INFO: Primitives created: 1
22:24:32 | INFO: Extracting primitive: Sphere.045
22:24:32 | INFO: Primitives created: 1
22:24:32 | INFO: Extracting primitive: Sphere.048
22:24:32 | INFO: Primitives created: 1
22:24:32 | INFO: Extracting primitive: Sphere.043
22:24:32 | INFO: Primitives created: 1
22:24:32 | INFO: Extracting primitive: Sphere.046
22:24:32 | INFO: Primitives created: 1
22:24:32 | INFO: Extracting primitive: Sphere.042
22:24:32 | INFO: Primitives created: 1
22:24:32 | INFO: Extracting primitive: Sphere.044
22:24:32 | INFO: Primitives created: 1
22:24:32 | INFO: Extracting primitive: Sphere.047
22:24:32 | INFO: Primitives created: 1
22:24:32 | INFO: Extracting primitive: Sphere.049
22:24:32 | INFO: Primitives created: 1
22:24:32 | INFO: Extracting primitive: Cone.012
22:24:32 | INFO: Primitives created: 1
22:24:32 | INFO: Extracting primitive: Cone.013
22:24:32 | INFO: Primitives created: 1
22:24:32 | INFO: Extracting primitive: Cone.014
22:24:32 | INFO: Primitives created: 1
22:24:32 | INFO: Finished glTF 2.0 export in 0.10831546783447266 s

22:24:32 | INFO: Starting glTF 2.0 export
22:24:32 | INFO: Extracting primitive: Sphere.069
22:24:32 | INFO: Primitives created: 1
22:24:32 | INFO: Extracting primitive: Sphere.072
22:24:32 | INFO: Primitives created: 1
22:24:32 | INFO: Extracting primitive: Sphere.070
22:24:32 | INFO: Primitives created: 1
22:24:32 | INFO: Extracting primitive: Sphere.073
22:24:32 | INFO: Primitives created: 1
22:24:32 | INFO: Extracting primitive: Sphere.057
22:24:32 | INFO: Primitives created: 1
22:24:32 | INFO: Extracting primitive: Cone.024
22:24:32 | INFO: Primitives created: 1
22:24:32 | INFO: Extracting primitive: Cone.027
22:24:32 | INFO: Primitives created: 1
22:24:32 | INFO: Extracting primitive: Sphere.071
22:24:32 | INFO: Primitives created: 1
22:24:32 | INFO: Extracting primitive: Sphere.074
22:24:32 | INFO: Primitives created: 1
22:24:32 | INFO: Extracting primitive: Cone.022
22:24:32 | INFO: Primitives created: 1
22:24:32 | INFO: Extracting primitive: Cone.025
22:24:32 | INFO: Primitives created: 1
22:24:32 | INFO: Extracting primitive: Cone.021
22:24:32 | INFO: Primitives created: 1
22:24:32 | INFO: Extracting primitive: Sphere.056
22:24:32 | INFO: Primitives created: 1
22:24:32 | INFO: Extracting primitive: Cone.023
22:24:32 | INFO: Primitives created: 1
22:24:32 | INFO: Extracting primitive: Cone.026
22:24:32 | INFO: Primitives created: 1
22:24:32 | INFO: Extracting primitive: Cube.013
22:24:32 | INFO: Primitives created: 1
22:24:32 | INFO: Extracting primitive: Cube.011
22:24:32 | INFO: Primitives created: 1
22:24:32 | INFO: Extracting primitive: Cube.012
22:24:32 | INFO: Primitives created: 1
22:24:32 | INFO: Extracting primitive: Sphere.061
22:24:32 | INFO: Primitives created: 1
22:24:32 | INFO: Extracting primitive: Sphere.064
22:24:32 | INFO: Primitives created: 1
22:24:32 | INFO: Extracting primitive: Sphere.059
22:24:32 | INFO: Primitives created: 1
22:24:32 | INFO: Extracting primitive: Sphere.062
22:24:32 | INFO: Primitives created: 1
22:24:32 | INFO: Extracting primitive: Torus
22:24:32 | INFO: Primitives created: 1
22:24:32 | INFO: Extracting primitive: Torus.001
22:24:32 | INFO: Primitives created: 1
22:24:32 | INFO: Extracting primitive: Sphere.058
22:24:32 | INFO: Primitives created: 1
22:24:32 | INFO: Extracting primitive: Sphere.065
22:24:32 | INFO: Primitives created: 1
22:24:32 | INFO: Extracting primitive: Sphere.066
22:24:32 | INFO: Primitives created: 1
22:24:32 | INFO: Extracting primitive: Sphere.060
22:24:32 | INFO: Primitives created: 1
22:24:32 | INFO: Extracting primitive: Sphere.063
22:24:32 | INFO: Primitives created: 1
22:24:32 | INFO: Extracting primitive: Sphere.067
22:24:32 | INFO: Primitives created: 1
22:24:32 | INFO: Extracting primitive: Sphere.068
22:24:32 | INFO: Primitives created: 1
22:24:32 | INFO: Finished glTF 2.0 export in 0.1205441951751709 s

22:24:33 | INFO: Starting glTF 2.0 export
22:24:33 | INFO: Extracting primitive: Sphere.069
22:24:33 | INFO: Primitives created: 1
22:24:33 | INFO: Extracting primitive: Sphere.072
22:24:33 | INFO: Primitives created: 1
22:24:33 | INFO: Extracting primitive: Sphere.070
22:24:33 | INFO: Primitives created: 1
22:24:33 | INFO: Extracting primitive: Sphere.073
22:24:33 | INFO: Primitives created: 1
22:24:33 | INFO: Extracting primitive: Sphere.057
22:24:33 | INFO: Primitives created: 1
22:24:33 | INFO: Extracting primitive: Cone.024
22:24:33 | INFO: Primitives created: 1
22:24:33 | INFO: Extracting primitive: Cone.027
22:24:33 | INFO: Primitives created: 1
22:24:33 | INFO: Extracting primitive: Sphere.071
22:24:33 | INFO: Primitives created: 1
22:24:33 | INFO: Extracting primitive: Sphere.074
22:24:33 | INFO: Primitives created: 1
22:24:33 | INFO: Extracting primitive: Cone.022
22:24:33 | INFO: Primitives created: 1
22:24:33 | INFO: Extracting primitive: Cone.025
22:24:33 | INFO: Primitives created: 1
22:24:33 | INFO: Extracting primitive: Cone.021
22:24:33 | INFO: Primitives created: 1
22:24:33 | INFO: Extracting primitive: Sphere.056
22:24:33 | INFO: Primitives created: 1
22:24:33 | INFO: Extracting primitive: Cone.023
22:24:33 | INFO: Primitives created: 1
22:24:33 | INFO: Extracting primitive: Cone.026
22:24:33 | INFO: Primitives created: 1
22:24:33 | INFO: Extracting primitive: Cube.013
22:24:33 | INFO: Primitives created: 1
22:24:33 | INFO: Extracting primitive: Cube.011
22:24:33 | INFO: Primitives created: 1
22:24:33 | INFO: Extracting primitive: Cube.012
22:24:33 | INFO: Primitives created: 1
22:24:33 | INFO: Extracting primitive: Sphere.061
22:24:33 | INFO: Primitives created: 1
22:24:33 | INFO: Extracting primitive: Sphere.064
22:24:33 | INFO: Primitives created: 1
22:24:33 | INFO: Extracting primitive: Sphere.059
22:24:33 | INFO: Primitives created: 1
22:24:33 | INFO: Extracting primitive: Sphere.062
22:24:33 | INFO: Primitives created: 1
22:24:33 | INFO: Extracting primitive: Torus
22:24:33 | INFO: Primitives created: 1
22:24:33 | INFO: Extracting primitive: Torus.001
22:24:33 | INFO: Primitives created: 1
22:24:33 | INFO: Extracting primitive: Sphere.058
22:24:33 | INFO: Primitives created: 1
22:24:33 | INFO: Extracting primitive: Sphere.065
22:24:33 | INFO: Primitives created: 1
22:24:33 | INFO: Extracting primitive: Sphere.066
22:24:33 | INFO: Primitives created: 1
22:24:33 | INFO: Extracting primitive: Sphere.060
22:24:33 | INFO: Primitives created: 1
22:24:33 | INFO: Extracting primitive: Sphere.063
22:24:33 | INFO: Primitives created: 1
22:24:33 | INFO: Extracting primitive: Sphere.067
22:24:33 | INFO: Primitives created: 1
22:24:33 | INFO: Extracting primitive: Sphere.068
22:24:33 | INFO: Primitives created: 1
22:24:33 | INFO: Finished glTF 2.0 export in 0.13534808158874512 s

22:24:33 | INFO: Starting glTF 2.0 export
22:24:33 | INFO: Extracting primitive: Sphere.069
22:24:33 | INFO: Primitives created: 1
22:24:33 | INFO: Extracting primitive: Sphere.072
22:24:33 | INFO: Primitives created: 1
22:24:33 | INFO: Extracting primitive: Sphere.070
22:24:33 | INFO: Primitives created: 1
22:24:33 | INFO: Extracting primitive: Sphere.073
22:24:33 | INFO: Primitives created: 1
22:24:33 | INFO: Extracting primitive: Sphere.057
22:24:33 | INFO: Primitives created: 1
22:24:33 | INFO: Extracting primitive: Cone.024
22:24:33 | INFO: Primitives created: 1
22:24:33 | INFO: Extracting primitive: Cone.027
22:24:33 | INFO: Primitives created: 1
22:24:33 | INFO: Extracting primitive: Sphere.071
22:24:33 | INFO: Primitives created: 1
22:24:33 | INFO: Extracting primitive: Sphere.074
22:24:33 | INFO: Primitives created: 1
22:24:33 | INFO: Extracting primitive: Cone.022
22:24:33 | INFO: Primitives created: 1
22:24:33 | INFO: Extracting primitive: Cone.025
22:24:33 | INFO: Primitives created: 1
22:24:33 | INFO: Extracting primitive: Cone.021
22:24:33 | INFO: Primitives created: 1
22:24:33 | INFO: Extracting primitive: Sphere.056
22:24:33 | INFO: Primitives created: 1
22:24:33 | INFO: Extracting primitive: Cone.023
22:24:33 | INFO: Primitives created: 1
22:24:33 | INFO: Extracting primitive: Cone.026
22:24:33 | INFO: Primitives created: 1
22:24:33 | INFO: Extracting primitive: Cube.013
22:24:33 | INFO: Primitives created: 1
22:24:33 | INFO: Extracting primitive: Cube.011
22:24:33 | INFO: Primitives created: 1
22:24:33 | INFO: Extracting primitive: Cube.012
22:24:33 | INFO: Primitives created: 1
22:24:33 | INFO: Extracting primitive: Sphere.061
22:24:33 | INFO: Primitives created: 1
22:24:33 | INFO: Extracting primitive: Sphere.064
22:24:33 | INFO: Primitives created: 1
22:24:33 | INFO: Extracting primitive: Sphere.059
22:24:33 | INFO: Primitives created: 1
22:24:33 | INFO: Extracting primitive: Sphere.062
22:24:33 | INFO: Primitives created: 1
22:24:33 | INFO: Extracting primitive: Torus
22:24:33 | INFO: Primitives created: 1
22:24:33 | INFO: Extracting primitive: Torus.001
22:24:33 | INFO: Primitives created: 1
22:24:33 | INFO: Extracting primitive: Sphere.058
22:24:33 | INFO: Primitives created: 1
22:24:33 | INFO: Extracting primitive: Sphere.065
22:24:33 | INFO: Primitives created: 1
22:24:33 | INFO: Extracting primitive: Sphere.066
22:24:33 | INFO: Primitives created: 1
22:24:33 | INFO: Extracting primitive: Sphere.060
22:24:33 | INFO: Primitives created: 1
22:24:33 | INFO: Extracting primitive: Sphere.063
22:24:33 | INFO: Primitives created: 1
22:24:33 | INFO: Extracting primitive: Sphere.067
22:24:33 | INFO: Primitives created: 1
22:24:33 | INFO: Extracting primitive: Sphere.068
22:24:33 | INFO: Primitives created: 1
22:24:33 | INFO: Finished glTF 2.0 export in 0.13892507553100586 s

22:24:33 | INFO: Starting glTF 2.0 export
22:24:33 | INFO: Extracting primitive: Sphere.090
22:24:33 | INFO: Primitives created: 1
22:24:33 | INFO: Extracting primitive: Sphere.093
22:24:33 | INFO: Primitives created: 1
22:24:33 | INFO: Extracting primitive: Sphere.091
22:24:33 | INFO: Primitives created: 1
22:24:33 | INFO: Extracting primitive: Sphere.094
22:24:33 | INFO: Primitives created: 1
22:24:33 | INFO: Extracting primitive: Sphere.076
22:24:33 | INFO: Primitives created: 1
22:24:33 | INFO: Extracting primitive: Cone.039
22:24:33 | INFO: Primitives created: 1
22:24:33 | INFO: Extracting primitive: Cone.042
22:24:33 | INFO: Primitives created: 1
22:24:33 | INFO: Extracting primitive: Sphere.092
22:24:33 | INFO: Primitives created: 1
22:24:33 | INFO: Extracting primitive: Sphere.095
22:24:33 | INFO: Primitives created: 1
22:24:33 | INFO: Extracting primitive: Cone.037
22:24:33 | INFO: Primitives created: 1
22:24:33 | INFO: Extracting primitive: Cone.040
22:24:33 | INFO: Primitives created: 1
22:24:33 | INFO: Extracting primitive: Sphere.075
22:24:33 | INFO: Primitives created: 1
22:24:33 | INFO: Extracting primitive: Cone.038
22:24:33 | INFO: Primitives created: 1
22:24:33 | INFO: Extracting primitive: Cone.041
22:24:33 | INFO: Primitives created: 1
22:24:33 | INFO: Extracting primitive: Cube.016
22:24:33 | INFO: Primitives created: 1
22:24:33 | INFO: Extracting primitive: Cube.014
22:24:33 | INFO: Primitives created: 1
22:24:33 | INFO: Extracting primitive: Cube.015
22:24:33 | INFO: Primitives created: 1
22:24:33 | INFO: Extracting primitive: Cone.034
22:24:33 | INFO: Primitives created: 1
22:24:33 | INFO: Extracting primitive: Cone.035
22:24:33 | INFO: Primitives created: 1
22:24:33 | INFO: Extracting primitive: Cone.036
22:24:33 | INFO: Primitives created: 1
22:24:33 | INFO: Extracting primitive: Cone.028
22:24:33 | INFO: Primitives created: 1
22:24:33 | INFO: Extracting primitive: Cone.029
22:24:33 | INFO: Primitives created: 1
22:24:33 | INFO: Extracting primitive: Cone.030
22:24:33 | INFO: Primitives created: 1
22:24:33 | INFO: Extracting primitive: Cone.031
22:24:33 | INFO: Primitives created: 1
22:24:33 | INFO: Extracting primitive: Cone.032
22:24:33 | INFO: Primitives created: 1
22:24:33 | INFO: Extracting primitive: Cone.033
22:24:33 | INFO: Primitives created: 1
22:24:33 | INFO: Extracting primitive: Sphere.080
22:24:33 | INFO: Primitives created: 1
22:24:33 | INFO: Extracting primitive: Sphere.083
22:24:33 | INFO: Primitives created: 1
22:24:33 | INFO: Extracting primitive: Sphere.078
22:24:33 | INFO: Primitives created: 1
22:24:33 | INFO: Extracting primitive: Sphere.081
22:24:33 | INFO: Primitives created: 1
22:24:33 | INFO: Extracting primitive: Sphere.084
22:24:33 | INFO: Primitives created: 1
22:24:33 | INFO: Extracting primitive: Sphere.085
22:24:33 | INFO: Primitives created: 1
22:24:33 | INFO: Extracting primitive: Sphere.086
22:24:33 | INFO: Primitives created: 1
22:24:33 | INFO: Extracting primitive: Sphere.087
22:24:33 | INFO: Primitives created: 1
22:24:33 | INFO: Extracting primitive: Sphere.088
22:24:33 | INFO: Primitives created: 1
22:24:33 | INFO: Extracting primitive: Sphere.089
22:24:33 | INFO: Primitives created: 1
22:24:33 | INFO: Extracting primitive: Sphere.077
22:24:33 | INFO: Primitives created: 1
22:24:33 | INFO: Extracting primitive: Sphere.079
22:24:33 | INFO: Primitives created: 1
22:24:33 | INFO: Extracting primitive: Sphere.082
22:24:33 | INFO: Primitives created: 1
22:24:33 | INFO: Extracting primitive: Torus.002
22:24:33 | INFO: Primitives created: 1
22:24:33 | INFO: Finished glTF 2.0 export in 0.15883803367614746 s

22:24:33 | INFO: Starting glTF 2.0 export
22:24:33 | INFO: Extracting primitive: Sphere.090
22:24:33 | INFO: Primitives created: 1
22:24:33 | INFO: Extracting primitive: Sphere.093
22:24:33 | INFO: Primitives created: 1
22:24:33 | INFO: Extracting primitive: Sphere.091
22:24:33 | INFO: Primitives created: 1
22:24:33 | INFO: Extracting primitive: Sphere.094
22:24:33 | INFO: Primitives created: 1
22:24:33 | INFO: Extracting primitive: Sphere.076
22:24:33 | INFO: Primitives created: 1
22:24:33 | INFO: Extracting primitive: Cone.039
22:24:33 | INFO: Primitives created: 1
22:24:33 | INFO: Extracting primitive: Cone.042
22:24:33 | INFO: Primitives created: 1
22:24:33 | INFO: Extracting primitive: Sphere.092
22:24:33 | INFO: Primitives created: 1
22:24:33 | INFO: Extracting primitive: Sphere.095
22:24:33 | INFO: Primitives created: 1
22:24:33 | INFO: Extracting primitive: Cone.037
22:24:33 | INFO: Primitives created: 1
22:24:33 | INFO: Extracting primitive: Cone.040
22:24:33 | INFO: Primitives created: 1
22:24:33 | INFO: Extracting primitive: Sphere.075
22:24:33 | INFO: Primitives created: 1
22:24:33 | INFO: Extracting primitive: Cone.038
22:24:33 | INFO: Primitives created: 1
22:24:33 | INFO: Extracting primitive: Cone.041
22:24:33 | INFO: Primitives created: 1
22:24:33 | INFO: Extracting primitive: Cube.016
22:24:33 | INFO: Primitives created: 1
22:24:33 | INFO: Extracting primitive: Cube.014
22:24:33 | INFO: Primitives created: 1
22:24:33 | INFO: Extracting primitive: Cube.015
22:24:33 | INFO: Primitives created: 1
22:24:33 | INFO: Extracting primitive: Cone.034
22:24:33 | INFO: Primitives created: 1
22:24:33 | INFO: Extracting primitive: Cone.035
22:24:33 | INFO: Primitives created: 1
22:24:33 | INFO: Extracting primitive: Cone.036
22:24:33 | INFO: Primitives created: 1
22:24:33 | INFO: Extracting primitive: Cone.028
22:24:33 | INFO: Primitives created: 1
22:24:33 | INFO: Extracting primitive: Cone.029
22:24:33 | INFO: Primitives created: 1
22:24:33 | INFO: Extracting primitive: Cone.030
22:24:33 | INFO: Primitives created: 1
22:24:33 | INFO: Extracting primitive: Cone.031
22:24:33 | INFO: Primitives created: 1
22:24:33 | INFO: Extracting primitive: Cone.032
22:24:33 | INFO: Primitives created: 1
22:24:33 | INFO: Extracting primitive: Cone.033
22:24:33 | INFO: Primitives created: 1
22:24:33 | INFO: Extracting primitive: Sphere.080
22:24:33 | INFO: Primitives created: 1
22:24:33 | INFO: Extracting primitive: Sphere.083
22:24:33 | INFO: Primitives created: 1
22:24:33 | INFO: Extracting primitive: Sphere.078
22:24:33 | INFO: Primitives created: 1
22:24:33 | INFO: Extracting primitive: Sphere.081
22:24:33 | INFO: Primitives created: 1
22:24:33 | INFO: Extracting primitive: Sphere.084
22:24:33 | INFO: Primitives created: 1
22:24:33 | INFO: Extracting primitive: Sphere.085
22:24:33 | INFO: Primitives created: 1
22:24:33 | INFO: Extracting primitive: Sphere.086
22:24:33 | INFO: Primitives created: 1
22:24:33 | INFO: Extracting primitive: Sphere.087
22:24:33 | INFO: Primitives created: 1
22:24:33 | INFO: Extracting primitive: Sphere.088
22:24:33 | INFO: Primitives created: 1
22:24:33 | INFO: Extracting primitive: Sphere.089
22:24:33 | INFO: Primitives created: 1
22:24:33 | INFO: Extracting primitive: Sphere.077
22:24:33 | INFO: Primitives created: 1
22:24:33 | INFO: Extracting primitive: Sphere.079
22:24:33 | INFO: Primitives created: 1
22:24:33 | INFO: Extracting primitive: Sphere.082
22:24:33 | INFO: Primitives created: 1
22:24:33 | INFO: Extracting primitive: Torus.002
22:24:33 | INFO: Primitives created: 1
22:24:33 | INFO: Finished glTF 2.0 export in 0.195037841796875 s

22:24:33 | INFO: Starting glTF 2.0 export
22:24:33 | INFO: Extracting primitive: Sphere.090
22:24:33 | INFO: Primitives created: 1
22:24:33 | INFO: Extracting primitive: Sphere.093
22:24:33 | INFO: Primitives created: 1
22:24:33 | INFO: Extracting primitive: Sphere.091
22:24:33 | INFO: Primitives created: 1
22:24:33 | INFO: Extracting primitive: Sphere.094
22:24:33 | INFO: Primitives created: 1
22:24:33 | INFO: Extracting primitive: Sphere.076
22:24:33 | INFO: Primitives created: 1
22:24:33 | INFO: Extracting primitive: Cone.039
22:24:33 | INFO: Primitives created: 1
22:24:33 | INFO: Extracting primitive: Cone.042
22:24:33 | INFO: Primitives created: 1
22:24:33 | INFO: Extracting primitive: Sphere.092
22:24:33 | INFO: Primitives created: 1
22:24:33 | INFO: Extracting primitive: Sphere.095
22:24:33 | INFO: Primitives created: 1
22:24:33 | INFO: Extracting primitive: Cone.037
22:24:33 | INFO: Primitives created: 1
22:24:33 | INFO: Extracting primitive: Cone.040
22:24:33 | INFO: Primitives created: 1
22:24:33 | INFO: Extracting primitive: Sphere.075
22:24:33 | INFO: Primitives created: 1
22:24:33 | INFO: Extracting primitive: Cone.038
22:24:33 | INFO: Primitives created: 1
22:24:33 | INFO: Extracting primitive: Cone.041
22:24:33 | INFO: Primitives created: 1
22:24:33 | INFO: Extracting primitive: Cube.016
22:24:33 | INFO: Primitives created: 1
22:24:33 | INFO: Extracting primitive: Cube.014
22:24:33 | INFO: Primitives created: 1
22:24:33 | INFO: Extracting primitive: Cube.015
22:24:33 | INFO: Primitives created: 1
22:24:33 | INFO: Extracting primitive: Cone.034
22:24:33 | INFO: Primitives created: 1
22:24:33 | INFO: Extracting primitive: Cone.035
22:24:33 | INFO: Primitives created: 1
22:24:33 | INFO: Extracting primitive: Cone.036
22:24:33 | INFO: Primitives created: 1
22:24:33 | INFO: Extracting primitive: Cone.028
22:24:33 | INFO: Primitives created: 1
22:24:33 | INFO: Extracting primitive: Cone.029
22:24:33 | INFO: Primitives created: 1
22:24:33 | INFO: Extracting primitive: Cone.030
22:24:33 | INFO: Primitives created: 1
22:24:33 | INFO: Extracting primitive: Cone.031
22:24:33 | INFO: Primitives created: 1
22:24:33 | INFO: Extracting primitive: Cone.032
22:24:33 | INFO: Primitives created: 1
22:24:33 | INFO: Extracting primitive: Cone.033
22:24:33 | INFO: Primitives created: 1
22:24:33 | INFO: Extracting primitive: Sphere.080
22:24:33 | INFO: Primitives created: 1
22:24:33 | INFO: Extracting primitive: Sphere.083
22:24:33 | INFO: Primitives created: 1
22:24:33 | INFO: Extracting primitive: Sphere.078
22:24:33 | INFO: Primitives created: 1
22:24:33 | INFO: Extracting primitive: Sphere.081
22:24:33 | INFO: Primitives created: 1
22:24:33 | INFO: Extracting primitive: Sphere.084
22:24:33 | INFO: Primitives created: 1
22:24:33 | INFO: Extracting primitive: Sphere.085
22:24:33 | INFO: Primitives created: 1
22:24:33 | INFO: Extracting primitive: Sphere.086
22:24:33 | INFO: Primitives created: 1
22:24:33 | INFO: Extracting primitive: Sphere.087
22:24:33 | INFO: Primitives created: 1
22:24:33 | INFO: Extracting primitive: Sphere.088
22:24:33 | INFO: Primitives created: 1
22:24:33 | INFO: Extracting primitive: Sphere.089
22:24:33 | INFO: Primitives created: 1
22:24:33 | INFO: Extracting primitive: Sphere.077
22:24:33 | INFO: Primitives created: 1
22:24:33 | INFO: Extracting primitive: Sphere.079
22:24:33 | INFO: Primitives created: 1
22:24:33 | INFO: Extracting primitive: Sphere.082
22:24:33 | INFO: Primitives created: 1
22:24:33 | INFO: Extracting primitive: Torus.002
22:24:33 | INFO: Primitives created: 1
22:24:33 | INFO: Finished glTF 2.0 export in 0.16756892204284668 s

22:24:34 | INFO: Starting glTF 2.0 export
22:24:34 | INFO: Extracting primitive: Sphere.106
22:24:34 | INFO: Primitives created: 1
22:24:34 | INFO: Extracting primitive: Sphere.109
22:24:34 | INFO: Primitives created: 1
22:24:34 | INFO: Extracting primitive: Sphere.107
22:24:34 | INFO: Primitives created: 1
22:24:34 | INFO: Extracting primitive: Sphere.110
22:24:34 | INFO: Primitives created: 1
22:24:34 | INFO: Extracting primitive: Sphere.097
22:24:34 | INFO: Primitives created: 1
22:24:34 | INFO: Extracting primitive: Cone.046
22:24:34 | INFO: Primitives created: 1
22:24:34 | INFO: Extracting primitive: Cone.049
22:24:34 | INFO: Primitives created: 1
22:24:34 | INFO: Extracting primitive: Sphere.108
22:24:34 | INFO: Primitives created: 1
22:24:34 | INFO: Extracting primitive: Sphere.111
22:24:34 | INFO: Primitives created: 1
22:24:34 | INFO: Extracting primitive: Cone.044
22:24:34 | INFO: Primitives created: 1
22:24:34 | INFO: Extracting primitive: Cone.047
22:24:34 | INFO: Primitives created: 1
22:24:34 | INFO: Extracting primitive: Sphere.096
22:24:34 | INFO: Primitives created: 1
22:24:34 | INFO: Extracting primitive: Cone.045
22:24:34 | INFO: Primitives created: 1
22:24:34 | INFO: Extracting primitive: Cone.048
22:24:34 | INFO: Primitives created: 1
22:24:34 | INFO: Extracting primitive: Cube.019
22:24:34 | INFO: Primitives created: 1
22:24:34 | INFO: Extracting primitive: Cube.017
22:24:34 | INFO: Primitives created: 1
22:24:34 | INFO: Extracting primitive: Cube.018
22:24:34 | INFO: Primitives created: 1
22:24:34 | INFO: Extracting primitive: Cone.043
22:24:34 | INFO: Primitives created: 1
22:24:34 | INFO: Extracting primitive: Sphere.105
22:24:34 | INFO: Primitives created: 1
22:24:34 | INFO: Extracting primitive: Sphere.101
22:24:34 | INFO: Primitives created: 1
22:24:34 | INFO: Extracting primitive: Sphere.104
22:24:34 | INFO: Primitives created: 1
22:24:34 | INFO: Extracting primitive: Sphere.099
22:24:34 | INFO: Primitives created: 1
22:24:34 | INFO: Extracting primitive: Sphere.102
22:24:34 | INFO: Primitives created: 1
22:24:34 | INFO: Extracting primitive: Cube.021
22:24:34 | INFO: Primitives created: 1
22:24:34 | INFO: Extracting primitive: Cube.022
22:24:34 | INFO: Primitives created: 1
22:24:34 | INFO: Extracting primitive: Cube.023
22:24:34 | INFO: Primitives created: 1
22:24:34 | INFO: Extracting primitive: Sphere.100
22:24:34 | INFO: Primitives created: 1
22:24:34 | INFO: Extracting primitive: Sphere.103
22:24:34 | INFO: Primitives created: 1
22:24:34 | INFO: Extracting primitive: Cube.020
22:24:34 | INFO: Primitives created: 1
22:24:34 | INFO: Finished glTF 2.0 export in 0.144852876663208 s

22:24:34 | INFO: Starting glTF 2.0 export
22:24:34 | INFO: Extracting primitive: Sphere.106
22:24:34 | INFO: Primitives created: 1
22:24:34 | INFO: Extracting primitive: Sphere.109
22:24:34 | INFO: Primitives created: 1
22:24:34 | INFO: Extracting primitive: Sphere.107
22:24:34 | INFO: Primitives created: 1
22:24:34 | INFO: Extracting primitive: Sphere.110
22:24:34 | INFO: Primitives created: 1
22:24:34 | INFO: Extracting primitive: Sphere.097
22:24:34 | INFO: Primitives created: 1
22:24:34 | INFO: Extracting primitive: Cone.046
22:24:34 | INFO: Primitives created: 1
22:24:34 | INFO: Extracting primitive: Cone.049
22:24:34 | INFO: Primitives created: 1
22:24:34 | INFO: Extracting primitive: Sphere.108
22:24:34 | INFO: Primitives created: 1
22:24:34 | INFO: Extracting primitive: Sphere.111
22:24:34 | INFO: Primitives created: 1
22:24:34 | INFO: Extracting primitive: Cone.044
22:24:34 | INFO: Primitives created: 1
22:24:34 | INFO: Extracting primitive: Cone.047
22:24:34 | INFO: Primitives created: 1
22:24:34 | INFO: Extracting primitive: Sphere.096
22:24:34 | INFO: Primitives created: 1
22:24:34 | INFO: Extracting primitive: Cone.045
22:24:34 | INFO: Primitives created: 1
22:24:34 | INFO: Extracting primitive: Cone.048
22:24:34 | INFO: Primitives created: 1
22:24:34 | INFO: Extracting primitive: Cube.019
22:24:34 | INFO: Primitives created: 1
22:24:34 | INFO: Extracting primitive: Cube.017
22:24:34 | INFO: Primitives created: 1
22:24:34 | INFO: Extracting primitive: Cube.018
22:24:34 | INFO: Primitives created: 1
22:24:34 | INFO: Extracting primitive: Cone.043
22:24:34 | INFO: Primitives created: 1
22:24:34 | INFO: Extracting primitive: Sphere.105
22:24:34 | INFO: Primitives created: 1
22:24:34 | INFO: Extracting primitive: Sphere.101
22:24:34 | INFO: Primitives created: 1
22:24:34 | INFO: Extracting primitive: Sphere.104
22:24:34 | INFO: Primitives created: 1
22:24:34 | INFO: Extracting primitive: Sphere.099
22:24:34 | INFO: Primitives created: 1
22:24:34 | INFO: Extracting primitive: Sphere.102
22:24:34 | INFO: Primitives created: 1
22:24:34 | INFO: Extracting primitive: Cube.021
22:24:34 | INFO: Primitives created: 1
22:24:34 | INFO: Extracting primitive: Cube.022
22:24:34 | INFO: Primitives created: 1
22:24:34 | INFO: Extracting primitive: Cube.023
22:24:34 | INFO: Primitives created: 1
22:24:34 | INFO: Extracting primitive: Sphere.100
22:24:34 | INFO: Primitives created: 1
22:24:34 | INFO: Extracting primitive: Sphere.103
22:24:34 | INFO: Primitives created: 1
22:24:34 | INFO: Extracting primitive: Cube.020
22:24:34 | INFO: Primitives created: 1
22:24:34 | INFO: Finished glTF 2.0 export in 0.1562330722808838 s

22:24:34 | INFO: Starting glTF 2.0 export
22:24:34 | INFO: Extracting primitive: Sphere.106
22:24:34 | INFO: Primitives created: 1
22:24:34 | INFO: Extracting primitive: Sphere.109
22:24:34 | INFO: Primitives created: 1
22:24:34 | INFO: Extracting primitive: Sphere.107
22:24:34 | INFO: Primitives created: 1
22:24:34 | INFO: Extracting primitive: Sphere.110
22:24:34 | INFO: Primitives created: 1
22:24:34 | INFO: Extracting primitive: Sphere.097
22:24:34 | INFO: Primitives created: 1
22:24:34 | INFO: Extracting primitive: Cone.046
22:24:34 | INFO: Primitives created: 1
22:24:34 | INFO: Extracting primitive: Cone.049
22:24:34 | INFO: Primitives created: 1
22:24:34 | INFO: Extracting primitive: Sphere.108
22:24:34 | INFO: Primitives created: 1
22:24:34 | INFO: Extracting primitive: Sphere.111
22:24:34 | INFO: Primitives created: 1
22:24:34 | INFO: Extracting primitive: Cone.044
22:24:34 | INFO: Primitives created: 1
22:24:34 | INFO: Extracting primitive: Cone.047
22:24:34 | INFO: Primitives created: 1
22:24:34 | INFO: Extracting primitive: Sphere.096
22:24:34 | INFO: Primitives created: 1
22:24:34 | INFO: Extracting primitive: Cone.045
22:24:34 | INFO: Primitives created: 1
22:24:34 | INFO: Extracting primitive: Cone.048
22:24:34 | INFO: Primitives created: 1
22:24:34 | INFO: Extracting primitive: Cube.019
22:24:34 | INFO: Primitives created: 1
22:24:34 | INFO: Extracting primitive: Cube.017
22:24:34 | INFO: Primitives created: 1
22:24:34 | INFO: Extracting primitive: Cube.018
22:24:34 | INFO: Primitives created: 1
22:24:34 | INFO: Extracting primitive: Cone.043
22:24:34 | INFO: Primitives created: 1
22:24:34 | INFO: Extracting primitive: Sphere.105
22:24:34 | INFO: Primitives created: 1
22:24:34 | INFO: Extracting primitive: Sphere.101
22:24:34 | INFO: Primitives created: 1
22:24:34 | INFO: Extracting primitive: Sphere.104
22:24:34 | INFO: Primitives created: 1
22:24:34 | INFO: Extracting primitive: Sphere.099
22:24:34 | INFO: Primitives created: 1
22:24:34 | INFO: Extracting primitive: Sphere.102
22:24:34 | INFO: Primitives created: 1
22:24:34 | INFO: Extracting primitive: Cube.021
22:24:34 | INFO: Primitives created: 1
22:24:34 | INFO: Extracting primitive: Cube.022
22:24:34 | INFO: Primitives created: 1
22:24:34 | INFO: Extracting primitive: Cube.023
22:24:34 | INFO: Primitives created: 1
22:24:34 | INFO: Extracting primitive: Sphere.100
22:24:34 | INFO: Primitives created: 1
22:24:34 | INFO: Extracting primitive: Sphere.103
22:24:34 | INFO: Primitives created: 1
22:24:34 | INFO: Extracting primitive: Cube.020
22:24:34 | INFO: Primitives created: 1
22:24:34 | INFO: Finished glTF 2.0 export in 0.15525555610656738 s

22:24:34 | INFO: Starting glTF 2.0 export
22:24:34 | INFO: Extracting primitive: Sphere.125
22:24:34 | INFO: Primitives created: 1
22:24:34 | INFO: Extracting primitive: Sphere.128
22:24:34 | INFO: Primitives created: 1
22:24:34 | INFO: Extracting primitive: Sphere.126
22:24:34 | INFO: Primitives created: 1
22:24:34 | INFO: Extracting primitive: Sphere.129
22:24:34 | INFO: Primitives created: 1
22:24:34 | INFO: Extracting primitive: Sphere.113
22:24:34 | INFO: Primitives created: 1
22:24:34 | INFO: Extracting primitive: Cone.052
22:24:34 | INFO: Primitives created: 1
22:24:34 | INFO: Extracting primitive: Cone.055
22:24:34 | INFO: Primitives created: 1
22:24:34 | INFO: Extracting primitive: Sphere.127
22:24:34 | INFO: Primitives created: 1
22:24:34 | INFO: Extracting primitive: Sphere.130
22:24:34 | INFO: Primitives created: 1
22:24:34 | INFO: Extracting primitive: Cone.050
22:24:34 | INFO: Primitives created: 1
22:24:34 | INFO: Extracting primitive: Cone.053
22:24:34 | INFO: Primitives created: 1
22:24:34 | INFO: Extracting primitive: Sphere.112
22:24:34 | INFO: Primitives created: 1
22:24:34 | INFO: Extracting primitive: Cone.051
22:24:34 | INFO: Primitives created: 1
22:24:34 | INFO: Extracting primitive: Cone.054
22:24:34 | INFO: Primitives created: 1
22:24:34 | INFO: Extracting primitive: Cube.026
22:24:34 | INFO: Primitives created: 1
22:24:34 | INFO: Extracting primitive: Cube.024
22:24:34 | INFO: Primitives created: 1
22:24:34 | INFO: Extracting primitive: Cube.025
22:24:34 | INFO: Primitives created: 1
22:24:34 | INFO: Extracting primitive: Sphere.117
22:24:34 | INFO: Primitives created: 1
22:24:34 | INFO: Extracting primitive: Sphere.120
22:24:34 | INFO: Primitives created: 1
22:24:34 | INFO: Extracting primitive: Sphere.115
22:24:34 | INFO: Primitives created: 1
22:24:34 | INFO: Extracting primitive: Sphere.118
22:24:34 | INFO: Primitives created: 1
22:24:34 | INFO: Extracting primitive: Sphere.114
22:24:34 | INFO: Primitives created: 1
22:24:34 | INFO: Extracting primitive: Sphere.121
22:24:34 | INFO: Primitives created: 1
22:24:34 | INFO: Extracting primitive: Sphere.122
22:24:34 | INFO: Primitives created: 1
22:24:34 | INFO: Extracting primitive: Sphere.116
22:24:34 | INFO: Primitives created: 1
22:24:34 | INFO: Extracting primitive: Sphere.119
22:24:34 | INFO: Primitives created: 1
22:24:34 | INFO: Extracting primitive: Sphere.123
22:24:34 | INFO: Primitives created: 1
22:24:34 | INFO: Extracting primitive: Sphere.124
22:24:34 | INFO: Primitives created: 1
22:24:34 | INFO: Finished glTF 2.0 export in 0.15854978561401367 s

22:24:34 | INFO: Starting glTF 2.0 export
22:24:34 | INFO: Extracting primitive: Sphere.125
22:24:34 | INFO: Primitives created: 1
22:24:34 | INFO: Extracting primitive: Sphere.128
22:24:34 | INFO: Primitives created: 1
22:24:34 | INFO: Extracting primitive: Sphere.126
22:24:34 | INFO: Primitives created: 1
22:24:34 | INFO: Extracting primitive: Sphere.129
22:24:34 | INFO: Primitives created: 1
22:24:34 | INFO: Extracting primitive: Sphere.113
22:24:34 | INFO: Primitives created: 1
22:24:34 | INFO: Extracting primitive: Cone.052
22:24:34 | INFO: Primitives created: 1
22:24:34 | INFO: Extracting primitive: Cone.055
22:24:34 | INFO: Primitives created: 1
22:24:34 | INFO: Extracting primitive: Sphere.127
22:24:34 | INFO: Primitives created: 1
22:24:34 | INFO: Extracting primitive: Sphere.130
22:24:34 | INFO: Primitives created: 1
22:24:34 | INFO: Extracting primitive: Cone.050
22:24:34 | INFO: Primitives created: 1
22:24:34 | INFO: Extracting primitive: Cone.053
22:24:34 | INFO: Primitives created: 1
22:24:34 | INFO: Extracting primitive: Sphere.112
22:24:34 | INFO: Primitives created: 1
22:24:34 | INFO: Extracting primitive: Cone.051
22:24:34 | INFO: Primitives created: 1
22:24:34 | INFO: Extracting primitive: Cone.054
22:24:34 | INFO: Primitives created: 1
22:24:34 | INFO: Extracting primitive: Cube.026
22:24:34 | INFO: Primitives created: 1
22:24:34 | INFO: Extracting primitive: Cube.024
22:24:34 | INFO: Primitives created: 1
22:24:34 | INFO: Extracting primitive: Cube.025
22:24:34 | INFO: Primitives created: 1
22:24:34 | INFO: Extracting primitive: Sphere.117
22:24:34 | INFO: Primitives created: 1
22:24:34 | INFO: Extracting primitive: Sphere.120
22:24:34 | INFO: Primitives created: 1
22:24:34 | INFO: Extracting primitive: Sphere.115
22:24:34 | INFO: Primitives created: 1
22:24:34 | INFO: Extracting primitive: Sphere.118
22:24:34 | INFO: Primitives created: 1
22:24:34 | INFO: Extracting primitive: Sphere.114
22:24:34 | INFO: Primitives created: 1
22:24:34 | INFO: Extracting primitive: Sphere.121
22:24:34 | INFO: Primitives created: 1
22:24:34 | INFO: Extracting primitive: Sphere.122
22:24:34 | INFO: Primitives created: 1
22:24:34 | INFO: Extracting primitive: Sphere.116
22:24:34 | INFO: Primitives created: 1
22:24:34 | INFO: Extracting primitive: Sphere.119
22:24:34 | INFO: Primitives created: 1
22:24:34 | INFO: Extracting primitive: Sphere.123
22:24:34 | INFO: Primitives created: 1
22:24:34 | INFO: Extracting primitive: Sphere.124
22:24:34 | INFO: Primitives created: 1
22:24:35 | INFO: Finished glTF 2.0 export in 0.16560626029968262 s

22:24:35 | INFO: Starting glTF 2.0 export
22:24:35 | INFO: Extracting primitive: Sphere.125
22:24:35 | INFO: Primitives created: 1
22:24:35 | INFO: Extracting primitive: Sphere.128
22:24:35 | INFO: Primitives created: 1
22:24:35 | INFO: Extracting primitive: Sphere.126
22:24:35 | INFO: Primitives created: 1
22:24:35 | INFO: Extracting primitive: Sphere.129
22:24:35 | INFO: Primitives created: 1
22:24:35 | INFO: Extracting primitive: Sphere.113
22:24:35 | INFO: Primitives created: 1
22:24:35 | INFO: Extracting primitive: Cone.052
22:24:35 | INFO: Primitives created: 1
22:24:35 | INFO: Extracting primitive: Cone.055
22:24:35 | INFO: Primitives created: 1
22:24:35 | INFO: Extracting primitive: Sphere.127
22:24:35 | INFO: Primitives created: 1
22:24:35 | INFO: Extracting primitive: Sphere.130
22:24:35 | INFO: Primitives created: 1
22:24:35 | INFO: Extracting primitive: Cone.050
22:24:35 | INFO: Primitives created: 1
22:24:35 | INFO: Extracting primitive: Cone.053
22:24:35 | INFO: Primitives created: 1
22:24:35 | INFO: Extracting primitive: Sphere.112
22:24:35 | INFO: Primitives created: 1
22:24:35 | INFO: Extracting primitive: Cone.051
22:24:35 | INFO: Primitives created: 1
22:24:35 | INFO: Extracting primitive: Cone.054
22:24:35 | INFO: Primitives created: 1
22:24:35 | INFO: Extracting primitive: Cube.026
22:24:35 | INFO: Primitives created: 1
22:24:35 | INFO: Extracting primitive: Cube.024
22:24:35 | INFO: Primitives created: 1
22:24:35 | INFO: Extracting primitive: Cube.025
22:24:35 | INFO: Primitives created: 1
22:24:35 | INFO: Extracting primitive: Sphere.117
22:24:35 | INFO: Primitives created: 1
22:24:35 | INFO: Extracting primitive: Sphere.120
22:24:35 | INFO: Primitives created: 1
22:24:35 | INFO: Extracting primitive: Sphere.115
22:24:35 | INFO: Primitives created: 1
22:24:35 | INFO: Extracting primitive: Sphere.118
22:24:35 | INFO: Primitives created: 1
22:24:35 | INFO: Extracting primitive: Sphere.114
22:24:35 | INFO: Primitives created: 1
22:24:35 | INFO: Extracting primitive: Sphere.121
22:24:35 | INFO: Primitives created: 1
22:24:35 | INFO: Extracting primitive: Sphere.122
22:24:35 | INFO: Primitives created: 1
22:24:35 | INFO: Extracting primitive: Sphere.116
22:24:35 | INFO: Primitives created: 1
22:24:35 | INFO: Extracting primitive: Sphere.119
22:24:35 | INFO: Primitives created: 1
22:24:35 | INFO: Extracting primitive: Sphere.123
22:24:35 | INFO: Primitives created: 1
22:24:35 | INFO: Extracting primitive: Sphere.124
22:24:35 | INFO: Primitives created: 1
22:24:35 | INFO: Finished glTF 2.0 export in 0.19708585739135742 s

22:24:35 | INFO: Starting glTF 2.0 export
22:24:35 | INFO: Extracting primitive: Sphere.144
22:24:35 | INFO: Primitives created: 1
22:24:35 | INFO: Extracting primitive: Sphere.147
22:24:35 | INFO: Primitives created: 1
22:24:35 | INFO: Extracting primitive: Sphere.145
22:24:35 | INFO: Primitives created: 1
22:24:35 | INFO: Extracting primitive: Sphere.148
22:24:35 | INFO: Primitives created: 1
22:24:35 | INFO: Extracting primitive: Cone.056
22:24:35 | INFO: Primitives created: 1
22:24:35 | INFO: Extracting primitive: Cone.057
22:24:35 | INFO: Primitives created: 1
22:24:35 | INFO: Extracting primitive: Cone.058
22:24:35 | INFO: Primitives created: 1
22:24:35 | INFO: Extracting primitive: Cone.059
22:24:35 | INFO: Primitives created: 1
22:24:35 | INFO: Extracting primitive: Sphere.132
22:24:35 | INFO: Primitives created: 1
22:24:35 | INFO: Extracting primitive: Cone.062
22:24:35 | INFO: Primitives created: 1
22:24:35 | INFO: Extracting primitive: Cone.065
22:24:35 | INFO: Primitives created: 1
22:24:35 | INFO: Extracting primitive: Sphere.146
22:24:35 | INFO: Primitives created: 1
22:24:35 | INFO: Extracting primitive: Sphere.149
22:24:35 | INFO: Primitives created: 1
22:24:35 | INFO: Extracting primitive: Cone.060
22:24:35 | INFO: Primitives created: 1
22:24:35 | INFO: Extracting primitive: Cone.063
22:24:35 | INFO: Primitives created: 1
22:24:35 | INFO: Extracting primitive: Sphere.140
22:24:35 | INFO: Primitives created: 1
22:24:35 | INFO: Extracting primitive: Sphere.141
22:24:35 | INFO: Primitives created: 1
22:24:35 | INFO: Extracting primitive: Sphere.142
22:24:35 | INFO: Primitives created: 1
22:24:35 | INFO: Extracting primitive: Sphere.143
22:24:35 | INFO: Primitives created: 1
22:24:35 | INFO: Extracting primitive: Sphere.131
22:24:35 | INFO: Primitives created: 1
22:24:35 | INFO: Extracting primitive: Cone.061
22:24:35 | INFO: Primitives created: 1
22:24:35 | INFO: Extracting primitive: Cone.064
22:24:35 | INFO: Primitives created: 1
22:24:35 | INFO: Extracting primitive: Cube.029
22:24:35 | INFO: Primitives created: 1
22:24:35 | INFO: Extracting primitive: Cube.027
22:24:35 | INFO: Primitives created: 1
22:24:35 | INFO: Extracting primitive: Cube.028
22:24:35 | INFO: Primitives created: 1
22:24:35 | INFO: Extracting primitive: Sphere.136
22:24:35 | INFO: Primitives created: 1
22:24:35 | INFO: Extracting primitive: Sphere.139
22:24:35 | INFO: Primitives created: 1
22:24:35 | INFO: Extracting primitive: Sphere.134
22:24:35 | INFO: Primitives created: 1
22:24:35 | INFO: Extracting primitive: Sphere.137
22:24:35 | INFO: Primitives created: 1
22:24:35 | INFO: Extracting primitive: Sphere.133
22:24:35 | INFO: Primitives created: 1
22:24:35 | INFO: Extracting primitive: Sphere.135
22:24:35 | INFO: Primitives created: 1
22:24:35 | INFO: Extracting primitive: Sphere.138
22:24:35 | INFO: Primitives created: 1
22:24:35 | INFO: Finished glTF 2.0 export in 0.19421124458312988 s

22:24:35 | INFO: Starting glTF 2.0 export
22:24:35 | INFO: Extracting primitive: Sphere.144
22:24:35 | INFO: Primitives created: 1
22:24:35 | INFO: Extracting primitive: Sphere.147
22:24:35 | INFO: Primitives created: 1
22:24:35 | INFO: Extracting primitive: Sphere.145
22:24:35 | INFO: Primitives created: 1
22:24:35 | INFO: Extracting primitive: Sphere.148
22:24:35 | INFO: Primitives created: 1
22:24:35 | INFO: Extracting primitive: Cone.056
22:24:35 | INFO: Primitives created: 1
22:24:35 | INFO: Extracting primitive: Cone.057
22:24:35 | INFO: Primitives created: 1
22:24:35 | INFO: Extracting primitive: Cone.058
22:24:35 | INFO: Primitives created: 1
22:24:35 | INFO: Extracting primitive: Cone.059
22:24:35 | INFO: Primitives created: 1
22:24:35 | INFO: Extracting primitive: Sphere.132
22:24:35 | INFO: Primitives created: 1
22:24:35 | INFO: Extracting primitive: Cone.062
22:24:35 | INFO: Primitives created: 1
22:24:35 | INFO: Extracting primitive: Cone.065
22:24:35 | INFO: Primitives created: 1
22:24:35 | INFO: Extracting primitive: Sphere.146
22:24:35 | INFO: Primitives created: 1
22:24:35 | INFO: Extracting primitive: Sphere.149
22:24:35 | INFO: Primitives created: 1
22:24:35 | INFO: Extracting primitive: Cone.060
22:24:35 | INFO: Primitives created: 1
22:24:35 | INFO: Extracting primitive: Cone.063
22:24:35 | INFO: Primitives created: 1
22:24:35 | INFO: Extracting primitive: Sphere.140
22:24:35 | INFO: Primitives created: 1
22:24:35 | INFO: Extracting primitive: Sphere.141
22:24:35 | INFO: Primitives created: 1
22:24:35 | INFO: Extracting primitive: Sphere.142
22:24:35 | INFO: Primitives created: 1
22:24:35 | INFO: Extracting primitive: Sphere.143
22:24:35 | INFO: Primitives created: 1
22:24:35 | INFO: Extracting primitive: Sphere.131
22:24:35 | INFO: Primitives created: 1
22:24:35 | INFO: Extracting primitive: Cone.061
22:24:35 | INFO: Primitives created: 1
22:24:35 | INFO: Extracting primitive: Cone.064
22:24:35 | INFO: Primitives created: 1
22:24:35 | INFO: Extracting primitive: Cube.029
22:24:35 | INFO: Primitives created: 1
22:24:35 | INFO: Extracting primitive: Cube.027
22:24:35 | INFO: Primitives created: 1
22:24:35 | INFO: Extracting primitive: Cube.028
22:24:35 | INFO: Primitives created: 1
22:24:35 | INFO: Extracting primitive: Sphere.136
22:24:35 | INFO: Primitives created: 1
22:24:35 | INFO: Extracting primitive: Sphere.139
22:24:35 | INFO: Primitives created: 1
22:24:35 | INFO: Extracting primitive: Sphere.134
22:24:35 | INFO: Primitives created: 1
22:24:35 | INFO: Extracting primitive: Sphere.137
22:24:35 | INFO: Primitives created: 1
22:24:35 | INFO: Extracting primitive: Sphere.133
22:24:35 | INFO: Primitives created: 1
22:24:35 | INFO: Extracting primitive: Sphere.135
22:24:35 | INFO: Primitives created: 1
22:24:35 | INFO: Extracting primitive: Sphere.138
22:24:35 | INFO: Primitives created: 1
22:24:35 | INFO: Finished glTF 2.0 export in 0.20160746574401855 s

22:24:35 | INFO: Starting glTF 2.0 export
22:24:35 | INFO: Extracting primitive: Sphere.144
22:24:35 | INFO: Primitives created: 1
22:24:35 | INFO: Extracting primitive: Sphere.147
22:24:35 | INFO: Primitives created: 1
22:24:35 | INFO: Extracting primitive: Sphere.145
22:24:35 | INFO: Primitives created: 1
22:24:35 | INFO: Extracting primitive: Sphere.148
22:24:35 | INFO: Primitives created: 1
22:24:35 | INFO: Extracting primitive: Cone.056
22:24:35 | INFO: Primitives created: 1
22:24:35 | INFO: Extracting primitive: Cone.057
22:24:35 | INFO: Primitives created: 1
22:24:35 | INFO: Extracting primitive: Cone.058
22:24:35 | INFO: Primitives created: 1
22:24:35 | INFO: Extracting primitive: Cone.059
22:24:35 | INFO: Primitives created: 1
22:24:35 | INFO: Extracting primitive: Sphere.132
22:24:35 | INFO: Primitives created: 1
22:24:35 | INFO: Extracting primitive: Cone.062
22:24:35 | INFO: Primitives created: 1
22:24:35 | INFO: Extracting primitive: Cone.065
22:24:35 | INFO: Primitives created: 1
22:24:35 | INFO: Extracting primitive: Sphere.146
22:24:35 | INFO: Primitives created: 1
22:24:35 | INFO: Extracting primitive: Sphere.149
22:24:35 | INFO: Primitives created: 1
22:24:35 | INFO: Extracting primitive: Cone.060
22:24:35 | INFO: Primitives created: 1
22:24:35 | INFO: Extracting primitive: Cone.063
22:24:35 | INFO: Primitives created: 1
22:24:35 | INFO: Extracting primitive: Sphere.140
22:24:35 | INFO: Primitives created: 1
22:24:35 | INFO: Extracting primitive: Sphere.141
22:24:35 | INFO: Primitives created: 1
22:24:35 | INFO: Extracting primitive: Sphere.142
22:24:35 | INFO: Primitives created: 1
22:24:35 | INFO: Extracting primitive: Sphere.143
22:24:35 | INFO: Primitives created: 1
22:24:35 | INFO: Extracting primitive: Sphere.131
22:24:35 | INFO: Primitives created: 1
22:24:35 | INFO: Extracting primitive: Cone.061
22:24:35 | INFO: Primitives created: 1
22:24:35 | INFO: Extracting primitive: Cone.064
22:24:35 | INFO: Primitives created: 1
22:24:35 | INFO: Extracting primitive: Cube.029
22:24:35 | INFO: Primitives created: 1
22:24:35 | INFO: Extracting primitive: Cube.027
22:24:35 | INFO: Primitives created: 1
22:24:35 | INFO: Extracting primitive: Cube.028
22:24:35 | INFO: Primitives created: 1
22:24:35 | INFO: Extracting primitive: Sphere.136
22:24:35 | INFO: Primitives created: 1
22:24:35 | INFO: Extracting primitive: Sphere.139
22:24:35 | INFO: Primitives created: 1
22:24:35 | INFO: Extracting primitive: Sphere.134
22:24:35 | INFO: Primitives created: 1
22:24:35 | INFO: Extracting primitive: Sphere.137
22:24:35 | INFO: Primitives created: 1
22:24:35 | INFO: Extracting primitive: Sphere.133
22:24:35 | INFO: Primitives created: 1
22:24:35 | INFO: Extracting primitive: Sphere.135
22:24:35 | INFO: Primitives created: 1
22:24:35 | INFO: Extracting primitive: Sphere.138
22:24:35 | INFO: Primitives created: 1
22:24:35 | INFO: Finished glTF 2.0 export in 0.19129562377929688 s

22:24:36 | INFO: Starting glTF 2.0 export
22:24:36 | INFO: Extracting primitive: Mesh
22:24:36 | INFO: Primitives created: 1
22:24:36 | INFO: Extracting primitive: Sphere.150
22:24:36 | INFO: Primitives created: 1
22:24:36 | INFO: Extracting primitive: Sphere.151
22:24:36 | INFO: Primitives created: 1
22:24:36 | INFO: Extracting primitive: Sphere.152
22:24:36 | INFO: Primitives created: 1
22:24:36 | INFO: Extracting primitive: Sphere.153
22:24:36 | INFO: Primitives created: 1
22:24:36 | INFO: Extracting primitive: Cone.066
22:24:36 | INFO: Primitives created: 1
22:24:36 | INFO: Extracting primitive: Cone.067
22:24:36 | INFO: Primitives created: 1
22:24:36 | INFO: Extracting primitive: Cone.068
22:24:36 | INFO: Primitives created: 1
22:24:36 | INFO: Extracting primitive: Cone.069
22:24:36 | INFO: Primitives created: 1
22:24:36 | INFO: Extracting primitive: Cube.030
22:24:36 | INFO: Primitives created: 1
22:24:36 | INFO: Extracting primitive: Cube.031
22:24:36 | INFO: Primitives created: 1
22:24:36 | INFO: Extracting primitive: Cube.032
22:24:36 | INFO: Primitives created: 1
22:24:36 | INFO: Extracting primitive: Cube.033
22:24:36 | INFO: Primitives created: 1
22:24:36 | INFO: Extracting primitive: Cube.034
22:24:36 | INFO: Primitives created: 1
22:24:36 | INFO: Extracting primitive: Cube.035
22:24:36 | INFO: Primitives created: 1
22:24:36 | INFO: Extracting primitive: Cube.036
22:24:36 | INFO: Primitives created: 1
22:24:36 | INFO: Extracting primitive: Cube.037
22:24:36 | INFO: Primitives created: 1
22:24:36 | INFO: Extracting primitive: Cone.070
22:24:36 | INFO: Primitives created: 1
22:24:36 | INFO: Extracting primitive: Cube.038
22:24:36 | INFO: Primitives created: 1
22:24:36 | INFO: Extracting primitive: Cube.039
22:24:36 | INFO: Primitives created: 1
22:24:36 | INFO: Extracting primitive: Cube.040
22:24:36 | INFO: Primitives created: 1
22:24:36 | INFO: Extracting primitive: Cube.041
22:24:36 | INFO: Primitives created: 1
22:24:36 | INFO: Extracting primitive: Cube.042
22:24:36 | INFO: Primitives created: 1
22:24:36 | INFO: Extracting primitive: Cube.043
22:24:36 | INFO: Primitives created: 1
22:24:36 | INFO: Extracting primitive: Cube.044
22:24:36 | INFO: Primitives created: 1
22:24:36 | INFO: Extracting primitive: Cube.045
22:24:36 | INFO: Primitives created: 1
22:24:36 | INFO: Extracting primitive: Cone.071
22:24:36 | INFO: Primitives created: 1
22:24:36 | INFO: Extracting primitive: Torus.003
22:24:36 | INFO: Primitives created: 1
22:24:36 | INFO: Extracting primitive: Cube.046
22:24:36 | INFO: Primitives created: 1
22:24:36 | INFO: Extracting primitive: Hull badge
22:24:36 | INFO: Primitives created: 1
22:24:36 | INFO: Finished glTF 2.0 export in 0.07801270484924316 s

22:24:36 | INFO: Starting glTF 2.0 export
22:24:36 | INFO: Extracting primitive: Mesh
22:24:36 | INFO: Primitives created: 1
22:24:36 | INFO: Extracting primitive: Sphere.150
22:24:36 | INFO: Primitives created: 1
22:24:36 | INFO: Extracting primitive: Sphere.151
22:24:36 | INFO: Primitives created: 1
22:24:36 | INFO: Extracting primitive: Sphere.152
22:24:36 | INFO: Primitives created: 1
22:24:36 | INFO: Extracting primitive: Sphere.153
22:24:36 | INFO: Primitives created: 1
22:24:36 | INFO: Extracting primitive: Cone.066
22:24:36 | INFO: Primitives created: 1
22:24:36 | INFO: Extracting primitive: Cone.067
22:24:36 | INFO: Primitives created: 1
22:24:36 | INFO: Extracting primitive: Cone.068
22:24:36 | INFO: Primitives created: 1
22:24:36 | INFO: Extracting primitive: Cone.069
22:24:36 | INFO: Primitives created: 1
22:24:36 | INFO: Extracting primitive: Cube.030
22:24:36 | INFO: Primitives created: 1
22:24:36 | INFO: Extracting primitive: Cube.031
22:24:36 | INFO: Primitives created: 1
22:24:36 | INFO: Extracting primitive: Cube.032
22:24:36 | INFO: Primitives created: 1
22:24:36 | INFO: Extracting primitive: Cube.033
22:24:36 | INFO: Primitives created: 1
22:24:36 | INFO: Extracting primitive: Cube.034
22:24:36 | INFO: Primitives created: 1
22:24:36 | INFO: Extracting primitive: Cube.035
22:24:36 | INFO: Primitives created: 1
22:24:36 | INFO: Extracting primitive: Cube.036
22:24:36 | INFO: Primitives created: 1
22:24:36 | INFO: Extracting primitive: Cube.037
22:24:36 | INFO: Primitives created: 1
22:24:36 | INFO: Extracting primitive: Cone.070
22:24:36 | INFO: Primitives created: 1
22:24:36 | INFO: Extracting primitive: Cube.038
22:24:36 | INFO: Primitives created: 1
22:24:36 | INFO: Extracting primitive: Cube.039
22:24:36 | INFO: Primitives created: 1
22:24:36 | INFO: Extracting primitive: Cube.040
22:24:36 | INFO: Primitives created: 1
22:24:36 | INFO: Extracting primitive: Cube.041
22:24:36 | INFO: Primitives created: 1
22:24:36 | INFO: Extracting primitive: Cube.042
22:24:36 | INFO: Primitives created: 1
22:24:36 | INFO: Extracting primitive: Cube.043
22:24:36 | INFO: Primitives created: 1
22:24:36 | INFO: Extracting primitive: Cube.044
22:24:36 | INFO: Primitives created: 1
22:24:36 | INFO: Extracting primitive: Cube.045
22:24:36 | INFO: Primitives created: 1
22:24:36 | INFO: Extracting primitive: Cone.071
22:24:36 | INFO: Primitives created: 1
22:24:36 | INFO: Extracting primitive: Torus.003
22:24:36 | INFO: Primitives created: 1
22:24:36 | INFO: Extracting primitive: Cube.046
22:24:36 | INFO: Primitives created: 1
22:24:36 | INFO: Extracting primitive: Hull badge
22:24:36 | INFO: Primitives created: 1
22:24:36 | INFO: Finished glTF 2.0 export in 0.06708145141601562 s

22:24:36 | INFO: Starting glTF 2.0 export
22:24:36 | INFO: Extracting primitive: Mesh
22:24:36 | INFO: Primitives created: 1
22:24:36 | INFO: Extracting primitive: Sphere.150
22:24:36 | INFO: Primitives created: 1
22:24:36 | INFO: Extracting primitive: Sphere.151
22:24:36 | INFO: Primitives created: 1
22:24:36 | INFO: Extracting primitive: Sphere.152
22:24:36 | INFO: Primitives created: 1
22:24:36 | INFO: Extracting primitive: Sphere.153
22:24:36 | INFO: Primitives created: 1
22:24:36 | INFO: Extracting primitive: Cone.066
22:24:36 | INFO: Primitives created: 1
22:24:36 | INFO: Extracting primitive: Cone.067
22:24:36 | INFO: Primitives created: 1
22:24:36 | INFO: Extracting primitive: Cone.068
22:24:36 | INFO: Primitives created: 1
22:24:36 | INFO: Extracting primitive: Cone.069
22:24:36 | INFO: Primitives created: 1
22:24:36 | INFO: Extracting primitive: Cube.030
22:24:36 | INFO: Primitives created: 1
22:24:36 | INFO: Extracting primitive: Cube.031
22:24:36 | INFO: Primitives created: 1
22:24:36 | INFO: Extracting primitive: Cube.032
22:24:36 | INFO: Primitives created: 1
22:24:36 | INFO: Extracting primitive: Cube.033
22:24:36 | INFO: Primitives created: 1
22:24:36 | INFO: Extracting primitive: Cube.034
22:24:36 | INFO: Primitives created: 1
22:24:36 | INFO: Extracting primitive: Cube.035
22:24:36 | INFO: Primitives created: 1
22:24:36 | INFO: Extracting primitive: Cube.036
22:24:36 | INFO: Primitives created: 1
22:24:36 | INFO: Extracting primitive: Cube.037
22:24:36 | INFO: Primitives created: 1
22:24:36 | INFO: Extracting primitive: Cone.070
22:24:36 | INFO: Primitives created: 1
22:24:36 | INFO: Extracting primitive: Cube.038
22:24:36 | INFO: Primitives created: 1
22:24:36 | INFO: Extracting primitive: Cube.039
22:24:36 | INFO: Primitives created: 1
22:24:36 | INFO: Extracting primitive: Cube.040
22:24:36 | INFO: Primitives created: 1
22:24:36 | INFO: Extracting primitive: Cube.041
22:24:36 | INFO: Primitives created: 1
22:24:36 | INFO: Extracting primitive: Cube.042
22:24:36 | INFO: Primitives created: 1
22:24:36 | INFO: Extracting primitive: Cube.043
22:24:36 | INFO: Primitives created: 1
22:24:36 | INFO: Extracting primitive: Cube.044
22:24:36 | INFO: Primitives created: 1
22:24:36 | INFO: Extracting primitive: Cube.045
22:24:36 | INFO: Primitives created: 1
22:24:36 | INFO: Extracting primitive: Cone.071
22:24:36 | INFO: Primitives created: 1
22:24:36 | INFO: Extracting primitive: Torus.003
22:24:36 | INFO: Primitives created: 1
22:24:36 | INFO: Extracting primitive: Cube.046
22:24:36 | INFO: Primitives created: 1
22:24:36 | INFO: Extracting primitive: Hull badge
22:24:36 | INFO: Primitives created: 1
22:24:36 | INFO: Finished glTF 2.0 export in 0.06601238250732422 s

22:24:36 | INFO: Starting glTF 2.0 export
22:24:36 | INFO: Extracting primitive: Mesh
22:24:36 | INFO: Primitives created: 1
22:24:36 | INFO: Extracting primitive: Sphere.154
22:24:36 | INFO: Primitives created: 1
22:24:36 | INFO: Extracting primitive: Sphere.155
22:24:36 | INFO: Primitives created: 1
22:24:36 | INFO: Extracting primitive: Sphere.156
22:24:36 | INFO: Primitives created: 1
22:24:36 | INFO: Extracting primitive: Sphere.157
22:24:36 | INFO: Primitives created: 1
22:24:36 | INFO: Extracting primitive: Cone.072
22:24:36 | INFO: Primitives created: 1
22:24:36 | INFO: Extracting primitive: Cone.073
22:24:36 | INFO: Primitives created: 1
22:24:36 | INFO: Extracting primitive: Cone.074
22:24:36 | INFO: Primitives created: 1
22:24:36 | INFO: Extracting primitive: Cone.075
22:24:36 | INFO: Primitives created: 1
22:24:36 | INFO: Extracting primitive: Cube.047
22:24:36 | INFO: Primitives created: 1
22:24:36 | INFO: Extracting primitive: Cube.048
22:24:36 | INFO: Primitives created: 1
22:24:36 | INFO: Extracting primitive: Cube.049
22:24:36 | INFO: Primitives created: 1
22:24:36 | INFO: Extracting primitive: Cube.050
22:24:36 | INFO: Primitives created: 1
22:24:36 | INFO: Extracting primitive: Cube.051
22:24:36 | INFO: Primitives created: 1
22:24:36 | INFO: Extracting primitive: Cube.052
22:24:36 | INFO: Primitives created: 1
22:24:36 | INFO: Extracting primitive: Cube.053
22:24:36 | INFO: Primitives created: 1
22:24:36 | INFO: Extracting primitive: Cube.054
22:24:36 | INFO: Primitives created: 1
22:24:36 | INFO: Extracting primitive: Cone.076
22:24:36 | INFO: Primitives created: 1
22:24:36 | INFO: Extracting primitive: Cube.055
22:24:36 | INFO: Primitives created: 1
22:24:36 | INFO: Extracting primitive: Cube.056
22:24:36 | INFO: Primitives created: 1
22:24:36 | INFO: Extracting primitive: Cube.057
22:24:36 | INFO: Primitives created: 1
22:24:36 | INFO: Extracting primitive: Cube.058
22:24:36 | INFO: Primitives created: 1
22:24:36 | INFO: Extracting primitive: Cube.059
22:24:36 | INFO: Primitives created: 1
22:24:36 | INFO: Extracting primitive: Cube.060
22:24:36 | INFO: Primitives created: 1
22:24:36 | INFO: Extracting primitive: Cube.061
22:24:36 | INFO: Primitives created: 1
22:24:36 | INFO: Extracting primitive: Cube.062
22:24:36 | INFO: Primitives created: 1
22:24:36 | INFO: Extracting primitive: Cone.077
22:24:36 | INFO: Primitives created: 1
22:24:36 | INFO: Extracting primitive: Torus.004
22:24:36 | INFO: Primitives created: 1
22:24:36 | INFO: Extracting primitive: Cube.063
22:24:36 | INFO: Primitives created: 1
22:24:36 | INFO: Extracting primitive: Hull badge.001
22:24:36 | INFO: Primitives created: 1
22:24:36 | INFO: Finished glTF 2.0 export in 0.06970357894897461 s

22:24:36 | INFO: Starting glTF 2.0 export
22:24:36 | INFO: Extracting primitive: Mesh
22:24:36 | INFO: Primitives created: 1
22:24:36 | INFO: Extracting primitive: Sphere.154
22:24:36 | INFO: Primitives created: 1
22:24:36 | INFO: Extracting primitive: Sphere.155
22:24:36 | INFO: Primitives created: 1
22:24:36 | INFO: Extracting primitive: Sphere.156
22:24:36 | INFO: Primitives created: 1
22:24:36 | INFO: Extracting primitive: Sphere.157
22:24:36 | INFO: Primitives created: 1
22:24:36 | INFO: Extracting primitive: Cone.072
22:24:36 | INFO: Primitives created: 1
22:24:36 | INFO: Extracting primitive: Cone.073
22:24:36 | INFO: Primitives created: 1
22:24:36 | INFO: Extracting primitive: Cone.074
22:24:36 | INFO: Primitives created: 1
22:24:36 | INFO: Extracting primitive: Cone.075
22:24:36 | INFO: Primitives created: 1
22:24:36 | INFO: Extracting primitive: Cube.047
22:24:36 | INFO: Primitives created: 1
22:24:36 | INFO: Extracting primitive: Cube.048
22:24:36 | INFO: Primitives created: 1
22:24:36 | INFO: Extracting primitive: Cube.049
22:24:36 | INFO: Primitives created: 1
22:24:36 | INFO: Extracting primitive: Cube.050
22:24:36 | INFO: Primitives created: 1
22:24:36 | INFO: Extracting primitive: Cube.051
22:24:36 | INFO: Primitives created: 1
22:24:36 | INFO: Extracting primitive: Cube.052
22:24:36 | INFO: Primitives created: 1
22:24:36 | INFO: Extracting primitive: Cube.053
22:24:36 | INFO: Primitives created: 1
22:24:36 | INFO: Extracting primitive: Cube.054
22:24:36 | INFO: Primitives created: 1
22:24:36 | INFO: Extracting primitive: Cone.076
22:24:36 | INFO: Primitives created: 1
22:24:36 | INFO: Extracting primitive: Cube.055
22:24:36 | INFO: Primitives created: 1
22:24:36 | INFO: Extracting primitive: Cube.056
22:24:36 | INFO: Primitives created: 1
22:24:36 | INFO: Extracting primitive: Cube.057
22:24:36 | INFO: Primitives created: 1
22:24:36 | INFO: Extracting primitive: Cube.058
22:24:36 | INFO: Primitives created: 1
22:24:36 | INFO: Extracting primitive: Cube.059
22:24:36 | INFO: Primitives created: 1
22:24:36 | INFO: Extracting primitive: Cube.060
22:24:36 | INFO: Primitives created: 1
22:24:36 | INFO: Extracting primitive: Cube.061
22:24:36 | INFO: Primitives created: 1
22:24:36 | INFO: Extracting primitive: Cube.062
22:24:36 | INFO: Primitives created: 1
22:24:36 | INFO: Extracting primitive: Cone.077
22:24:36 | INFO: Primitives created: 1
22:24:36 | INFO: Extracting primitive: Torus.004
22:24:36 | INFO: Primitives created: 1
22:24:36 | INFO: Extracting primitive: Cube.063
22:24:36 | INFO: Primitives created: 1
22:24:36 | INFO: Extracting primitive: Hull badge.001
22:24:36 | INFO: Primitives created: 1
22:24:36 | INFO: Finished glTF 2.0 export in 0.0640249252319336 s

22:24:36 | INFO: Starting glTF 2.0 export
22:24:36 | INFO: Extracting primitive: Mesh
22:24:36 | INFO: Primitives created: 1
22:24:36 | INFO: Extracting primitive: Sphere.154
22:24:36 | INFO: Primitives created: 1
22:24:36 | INFO: Extracting primitive: Sphere.155
22:24:36 | INFO: Primitives created: 1
22:24:36 | INFO: Extracting primitive: Sphere.156
22:24:36 | INFO: Primitives created: 1
22:24:36 | INFO: Extracting primitive: Sphere.157
22:24:36 | INFO: Primitives created: 1
22:24:36 | INFO: Extracting primitive: Cone.072
22:24:36 | INFO: Primitives created: 1
22:24:36 | INFO: Extracting primitive: Cone.073
22:24:36 | INFO: Primitives created: 1
22:24:36 | INFO: Extracting primitive: Cone.074
22:24:36 | INFO: Primitives created: 1
22:24:36 | INFO: Extracting primitive: Cone.075
22:24:36 | INFO: Primitives created: 1
22:24:36 | INFO: Extracting primitive: Cube.047
22:24:36 | INFO: Primitives created: 1
22:24:36 | INFO: Extracting primitive: Cube.048
22:24:36 | INFO: Primitives created: 1
22:24:36 | INFO: Extracting primitive: Cube.049
22:24:36 | INFO: Primitives created: 1
22:24:36 | INFO: Extracting primitive: Cube.050
22:24:36 | INFO: Primitives created: 1
22:24:36 | INFO: Extracting primitive: Cube.051
22:24:36 | INFO: Primitives created: 1
22:24:36 | INFO: Extracting primitive: Cube.052
22:24:36 | INFO: Primitives created: 1
22:24:36 | INFO: Extracting primitive: Cube.053
22:24:36 | INFO: Primitives created: 1
22:24:36 | INFO: Extracting primitive: Cube.054
22:24:36 | INFO: Primitives created: 1
22:24:36 | INFO: Extracting primitive: Cone.076
22:24:36 | INFO: Primitives created: 1
22:24:36 | INFO: Extracting primitive: Cube.055
22:24:36 | INFO: Primitives created: 1
22:24:36 | INFO: Extracting primitive: Cube.056
22:24:36 | INFO: Primitives created: 1
22:24:36 | INFO: Extracting primitive: Cube.057
22:24:36 | INFO: Primitives created: 1
22:24:36 | INFO: Extracting primitive: Cube.058
22:24:36 | INFO: Primitives created: 1
22:24:36 | INFO: Extracting primitive: Cube.059
22:24:36 | INFO: Primitives created: 1
22:24:36 | INFO: Extracting primitive: Cube.060
22:24:36 | INFO: Primitives created: 1
22:24:36 | INFO: Extracting primitive: Cube.061
22:24:36 | INFO: Primitives created: 1
22:24:36 | INFO: Extracting primitive: Cube.062
22:24:36 | INFO: Primitives created: 1
22:24:36 | INFO: Extracting primitive: Cone.077
22:24:36 | INFO: Primitives created: 1
22:24:36 | INFO: Extracting primitive: Torus.004
22:24:36 | INFO: Primitives created: 1
22:24:36 | INFO: Extracting primitive: Cube.063
22:24:36 | INFO: Primitives created: 1
22:24:36 | INFO: Extracting primitive: Hull badge.001
22:24:36 | INFO: Primitives created: 1
22:24:36 | INFO: Finished glTF 2.0 export in 0.09273695945739746 s

22:24:36 | INFO: Starting glTF 2.0 export
22:24:36 | INFO: Extracting primitive: Mesh
22:24:36 | INFO: Primitives created: 1
22:24:36 | INFO: Extracting primitive: Sphere.158
22:24:36 | INFO: Primitives created: 1
22:24:36 | INFO: Extracting primitive: Sphere.159
22:24:36 | INFO: Primitives created: 1
22:24:36 | INFO: Extracting primitive: Sphere.160
22:24:36 | INFO: Primitives created: 1
22:24:36 | INFO: Extracting primitive: Sphere.161
22:24:36 | INFO: Primitives created: 1
22:24:36 | INFO: Extracting primitive: Cone.078
22:24:36 | INFO: Primitives created: 1
22:24:36 | INFO: Extracting primitive: Cone.079
22:24:36 | INFO: Primitives created: 1
22:24:36 | INFO: Extracting primitive: Cone.080
22:24:36 | INFO: Primitives created: 1
22:24:36 | INFO: Extracting primitive: Cone.081
22:24:36 | INFO: Primitives created: 1
22:24:36 | INFO: Extracting primitive: Cube.064
22:24:36 | INFO: Primitives created: 1
22:24:36 | INFO: Extracting primitive: Cube.065
22:24:36 | INFO: Primitives created: 1
22:24:36 | INFO: Extracting primitive: Cube.066
22:24:36 | INFO: Primitives created: 1
22:24:36 | INFO: Extracting primitive: Cube.067
22:24:36 | INFO: Primitives created: 1
22:24:36 | INFO: Extracting primitive: Cube.068
22:24:36 | INFO: Primitives created: 1
22:24:36 | INFO: Extracting primitive: Cube.069
22:24:36 | INFO: Primitives created: 1
22:24:36 | INFO: Extracting primitive: Cube.070
22:24:36 | INFO: Primitives created: 1
22:24:36 | INFO: Extracting primitive: Cube.071
22:24:36 | INFO: Primitives created: 1
22:24:36 | INFO: Extracting primitive: Cone.082
22:24:36 | INFO: Primitives created: 1
22:24:36 | INFO: Extracting primitive: Cube.072
22:24:36 | INFO: Primitives created: 1
22:24:36 | INFO: Extracting primitive: Cube.073
22:24:36 | INFO: Primitives created: 1
22:24:36 | INFO: Extracting primitive: Cube.074
22:24:36 | INFO: Primitives created: 1
22:24:36 | INFO: Extracting primitive: Cube.075
22:24:36 | INFO: Primitives created: 1
22:24:36 | INFO: Extracting primitive: Cube.076
22:24:36 | INFO: Primitives created: 1
22:24:36 | INFO: Extracting primitive: Cube.077
22:24:36 | INFO: Primitives created: 1
22:24:36 | INFO: Extracting primitive: Cube.078
22:24:36 | INFO: Primitives created: 1
22:24:36 | INFO: Extracting primitive: Cube.079
22:24:36 | INFO: Primitives created: 1
22:24:36 | INFO: Extracting primitive: Cone.083
22:24:36 | INFO: Primitives created: 1
22:24:36 | INFO: Extracting primitive: Torus.005
22:24:36 | INFO: Primitives created: 1
22:24:36 | INFO: Extracting primitive: Cube.080
22:24:36 | INFO: Primitives created: 1
22:24:36 | INFO: Extracting primitive: Hull badge.002
22:24:36 | INFO: Primitives created: 1
22:24:36 | INFO: Finished glTF 2.0 export in 0.06983518600463867 s

22:24:36 | INFO: Starting glTF 2.0 export
22:24:36 | INFO: Extracting primitive: Mesh
22:24:36 | INFO: Primitives created: 1
22:24:36 | INFO: Extracting primitive: Sphere.158
22:24:36 | INFO: Primitives created: 1
22:24:36 | INFO: Extracting primitive: Sphere.159
22:24:36 | INFO: Primitives created: 1
22:24:36 | INFO: Extracting primitive: Sphere.160
22:24:36 | INFO: Primitives created: 1
22:24:36 | INFO: Extracting primitive: Sphere.161
22:24:36 | INFO: Primitives created: 1
22:24:36 | INFO: Extracting primitive: Cone.078
22:24:36 | INFO: Primitives created: 1
22:24:36 | INFO: Extracting primitive: Cone.079
22:24:36 | INFO: Primitives created: 1
22:24:36 | INFO: Extracting primitive: Cone.080
22:24:36 | INFO: Primitives created: 1
22:24:36 | INFO: Extracting primitive: Cone.081
22:24:36 | INFO: Primitives created: 1
22:24:36 | INFO: Extracting primitive: Cube.064
22:24:36 | INFO: Primitives created: 1
22:24:36 | INFO: Extracting primitive: Cube.065
22:24:36 | INFO: Primitives created: 1
22:24:36 | INFO: Extracting primitive: Cube.066
22:24:36 | INFO: Primitives created: 1
22:24:36 | INFO: Extracting primitive: Cube.067
22:24:36 | INFO: Primitives created: 1
22:24:36 | INFO: Extracting primitive: Cube.068
22:24:36 | INFO: Primitives created: 1
22:24:36 | INFO: Extracting primitive: Cube.069
22:24:36 | INFO: Primitives created: 1
22:24:36 | INFO: Extracting primitive: Cube.070
22:24:36 | INFO: Primitives created: 1
22:24:36 | INFO: Extracting primitive: Cube.071
22:24:36 | INFO: Primitives created: 1
22:24:36 | INFO: Extracting primitive: Cone.082
22:24:36 | INFO: Primitives created: 1
22:24:36 | INFO: Extracting primitive: Cube.072
22:24:36 | INFO: Primitives created: 1
22:24:36 | INFO: Extracting primitive: Cube.073
22:24:36 | INFO: Primitives created: 1
22:24:36 | INFO: Extracting primitive: Cube.074
22:24:36 | INFO: Primitives created: 1
22:24:36 | INFO: Extracting primitive: Cube.075
22:24:36 | INFO: Primitives created: 1
22:24:36 | INFO: Extracting primitive: Cube.076
22:24:36 | INFO: Primitives created: 1
22:24:36 | INFO: Extracting primitive: Cube.077
22:24:36 | INFO: Primitives created: 1
22:24:36 | INFO: Extracting primitive: Cube.078
22:24:36 | INFO: Primitives created: 1
22:24:36 | INFO: Extracting primitive: Cube.079
22:24:36 | INFO: Primitives created: 1
22:24:36 | INFO: Extracting primitive: Cone.083
22:24:36 | INFO: Primitives created: 1
22:24:36 | INFO: Extracting primitive: Torus.005
22:24:36 | INFO: Primitives created: 1
22:24:36 | INFO: Extracting primitive: Cube.080
22:24:36 | INFO: Primitives created: 1
22:24:36 | INFO: Extracting primitive: Hull badge.002
22:24:36 | INFO: Primitives created: 1
22:24:36 | INFO: Finished glTF 2.0 export in 0.0664663314819336 s

22:24:36 | INFO: Starting glTF 2.0 export
22:24:36 | INFO: Extracting primitive: Mesh
22:24:36 | INFO: Primitives created: 1
22:24:36 | INFO: Extracting primitive: Sphere.158
22:24:36 | INFO: Primitives created: 1
22:24:36 | INFO: Extracting primitive: Sphere.159
22:24:36 | INFO: Primitives created: 1
22:24:36 | INFO: Extracting primitive: Sphere.160
22:24:36 | INFO: Primitives created: 1
22:24:36 | INFO: Extracting primitive: Sphere.161
22:24:36 | INFO: Primitives created: 1
22:24:36 | INFO: Extracting primitive: Cone.078
22:24:36 | INFO: Primitives created: 1
22:24:36 | INFO: Extracting primitive: Cone.079
22:24:36 | INFO: Primitives created: 1
22:24:36 | INFO: Extracting primitive: Cone.080
22:24:36 | INFO: Primitives created: 1
22:24:36 | INFO: Extracting primitive: Cone.081
22:24:36 | INFO: Primitives created: 1
22:24:36 | INFO: Extracting primitive: Cube.064
22:24:36 | INFO: Primitives created: 1
22:24:36 | INFO: Extracting primitive: Cube.065
22:24:36 | INFO: Primitives created: 1
22:24:36 | INFO: Extracting primitive: Cube.066
22:24:36 | INFO: Primitives created: 1
22:24:36 | INFO: Extracting primitive: Cube.067
22:24:36 | INFO: Primitives created: 1
22:24:36 | INFO: Extracting primitive: Cube.068
22:24:36 | INFO: Primitives created: 1
22:24:36 | INFO: Extracting primitive: Cube.069
22:24:36 | INFO: Primitives created: 1
22:24:36 | INFO: Extracting primitive: Cube.070
22:24:36 | INFO: Primitives created: 1
22:24:36 | INFO: Extracting primitive: Cube.071
22:24:36 | INFO: Primitives created: 1
22:24:36 | INFO: Extracting primitive: Cone.082
22:24:36 | INFO: Primitives created: 1
22:24:36 | INFO: Extracting primitive: Cube.072
22:24:36 | INFO: Primitives created: 1
22:24:36 | INFO: Extracting primitive: Cube.073
22:24:36 | INFO: Primitives created: 1
22:24:36 | INFO: Extracting primitive: Cube.074
22:24:36 | INFO: Primitives created: 1
22:24:36 | INFO: Extracting primitive: Cube.075
22:24:36 | INFO: Primitives created: 1
22:24:36 | INFO: Extracting primitive: Cube.076
22:24:36 | INFO: Primitives created: 1
22:24:36 | INFO: Extracting primitive: Cube.077
22:24:36 | INFO: Primitives created: 1
22:24:36 | INFO: Extracting primitive: Cube.078
22:24:36 | INFO: Primitives created: 1
22:24:36 | INFO: Extracting primitive: Cube.079
22:24:36 | INFO: Primitives created: 1
22:24:36 | INFO: Extracting primitive: Cone.083
22:24:36 | INFO: Primitives created: 1
22:24:36 | INFO: Extracting primitive: Torus.005
22:24:36 | INFO: Primitives created: 1
22:24:36 | INFO: Extracting primitive: Cube.080
22:24:36 | INFO: Primitives created: 1
22:24:36 | INFO: Extracting primitive: Hull badge.002
22:24:36 | INFO: Primitives created: 1
22:24:36 | INFO: Finished glTF 2.0 export in 0.06357860565185547 s

22:24:36 | INFO: Starting glTF 2.0 export
22:24:36 | INFO: Extracting primitive: Cone.084
22:24:36 | INFO: Primitives created: 1
22:24:36 | INFO: Extracting primitive: Cone.085
22:24:36 | INFO: Primitives created: 1
22:24:36 | INFO: Extracting primitive: Cone.086
22:24:36 | INFO: Primitives created: 1
22:24:36 | INFO: Extracting primitive: Cone.087
22:24:36 | INFO: Primitives created: 1
22:24:36 | INFO: Extracting primitive: Cone.088
22:24:36 | INFO: Primitives created: 1
22:24:36 | INFO: Extracting primitive: Cone.089
22:24:36 | INFO: Primitives created: 1
22:24:36 | INFO: Extracting primitive: Cone.090
22:24:36 | INFO: Primitives created: 1
22:24:36 | INFO: Extracting primitive: Palm frond
22:24:36 | INFO: Primitives created: 1
22:24:36 | INFO: Extracting primitive: Palm frond.001
22:24:36 | INFO: Primitives created: 1
22:24:36 | INFO: Extracting primitive: Palm frond.002
22:24:36 | INFO: Primitives created: 1
22:24:36 | INFO: Extracting primitive: Palm frond.003
22:24:36 | INFO: Primitives created: 1
22:24:36 | INFO: Extracting primitive: Palm frond.004
22:24:36 | INFO: Primitives created: 1
22:24:36 | INFO: Extracting primitive: Palm frond.005
22:24:36 | INFO: Primitives created: 1
22:24:36 | INFO: Extracting primitive: Palm frond.006
22:24:36 | INFO: Primitives created: 1
22:24:36 | INFO: Extracting primitive: Palm frond.007
22:24:36 | INFO: Primitives created: 1
22:24:36 | INFO: Extracting primitive: Sphere.162
22:24:36 | INFO: Primitives created: 1
22:24:36 | INFO: Extracting primitive: Sphere.163
22:24:36 | INFO: Primitives created: 1
22:24:36 | INFO: Extracting primitive: Sphere.164
22:24:36 | INFO: Primitives created: 1
22:24:36 | INFO: Finished glTF 2.0 export in 0.03003096580505371 s

22:24:36 | INFO: Starting glTF 2.0 export
22:24:36 | INFO: Extracting primitive: Cone.084
22:24:36 | INFO: Primitives created: 1
22:24:36 | INFO: Extracting primitive: Cone.085
22:24:36 | INFO: Primitives created: 1
22:24:36 | INFO: Extracting primitive: Cone.086
22:24:36 | INFO: Primitives created: 1
22:24:36 | INFO: Extracting primitive: Cone.087
22:24:36 | INFO: Primitives created: 1
22:24:36 | INFO: Extracting primitive: Cone.088
22:24:36 | INFO: Primitives created: 1
22:24:36 | INFO: Extracting primitive: Cone.089
22:24:36 | INFO: Primitives created: 1
22:24:36 | INFO: Extracting primitive: Cone.090
22:24:36 | INFO: Primitives created: 1
22:24:36 | INFO: Extracting primitive: Palm frond
22:24:36 | INFO: Primitives created: 1
22:24:36 | INFO: Extracting primitive: Palm frond.001
22:24:36 | INFO: Primitives created: 1
22:24:36 | INFO: Extracting primitive: Palm frond.002
22:24:36 | INFO: Primitives created: 1
22:24:36 | INFO: Extracting primitive: Palm frond.003
22:24:36 | INFO: Primitives created: 1
22:24:36 | INFO: Extracting primitive: Palm frond.004
22:24:36 | INFO: Primitives created: 1
22:24:36 | INFO: Extracting primitive: Palm frond.005
22:24:36 | INFO: Primitives created: 1
22:24:36 | INFO: Extracting primitive: Palm frond.006
22:24:36 | INFO: Primitives created: 1
22:24:36 | INFO: Extracting primitive: Palm frond.007
22:24:36 | INFO: Primitives created: 1
22:24:36 | INFO: Extracting primitive: Sphere.162
22:24:36 | INFO: Primitives created: 1
22:24:36 | INFO: Extracting primitive: Sphere.163
22:24:36 | INFO: Primitives created: 1
22:24:36 | INFO: Extracting primitive: Sphere.164
22:24:36 | INFO: Primitives created: 1
22:24:36 | INFO: Finished glTF 2.0 export in 0.0351560115814209 s

22:24:36 | INFO: Starting glTF 2.0 export
22:24:36 | INFO: Extracting primitive: Cone.084
22:24:36 | INFO: Primitives created: 1
22:24:36 | INFO: Extracting primitive: Cone.085
22:24:36 | INFO: Primitives created: 1
22:24:36 | INFO: Extracting primitive: Cone.086
22:24:36 | INFO: Primitives created: 1
22:24:36 | INFO: Extracting primitive: Cone.087
22:24:36 | INFO: Primitives created: 1
22:24:36 | INFO: Extracting primitive: Cone.088
22:24:36 | INFO: Primitives created: 1
22:24:36 | INFO: Extracting primitive: Cone.089
22:24:36 | INFO: Primitives created: 1
22:24:36 | INFO: Extracting primitive: Cone.090
22:24:36 | INFO: Primitives created: 1
22:24:36 | INFO: Extracting primitive: Palm frond
22:24:36 | INFO: Primitives created: 1
22:24:36 | INFO: Extracting primitive: Palm frond.001
22:24:36 | INFO: Primitives created: 1
22:24:36 | INFO: Extracting primitive: Palm frond.002
22:24:36 | INFO: Primitives created: 1
22:24:36 | INFO: Extracting primitive: Palm frond.003
22:24:36 | INFO: Primitives created: 1
22:24:36 | INFO: Extracting primitive: Palm frond.004
22:24:36 | INFO: Primitives created: 1
22:24:36 | INFO: Extracting primitive: Palm frond.005
22:24:36 | INFO: Primitives created: 1
22:24:36 | INFO: Extracting primitive: Palm frond.006
22:24:36 | INFO: Primitives created: 1
22:24:36 | INFO: Extracting primitive: Palm frond.007
22:24:36 | INFO: Primitives created: 1
22:24:36 | INFO: Extracting primitive: Sphere.162
22:24:36 | INFO: Primitives created: 1
22:24:36 | INFO: Extracting primitive: Sphere.163
22:24:37 | INFO: Primitives created: 1
22:24:37 | INFO: Extracting primitive: Sphere.164
22:24:37 | INFO: Primitives created: 1
22:24:37 | INFO: Finished glTF 2.0 export in 0.031166791915893555 s

22:24:37 | INFO: Starting glTF 2.0 export
22:24:37 | INFO: Extracting primitive: Icosphere
22:24:37 | INFO: Primitives created: 1
22:24:37 | INFO: Extracting primitive: Icosphere.001
22:24:37 | INFO: Primitives created: 1
22:24:37 | INFO: Extracting primitive: Icosphere.002
22:24:37 | INFO: Primitives created: 1
22:24:37 | INFO: Finished glTF 2.0 export in 0.010659933090209961 s

22:24:37 | INFO: Starting glTF 2.0 export
22:24:37 | INFO: Extracting primitive: Icosphere
22:24:37 | INFO: Primitives created: 1
22:24:37 | INFO: Extracting primitive: Icosphere.001
22:24:37 | INFO: Primitives created: 1
22:24:37 | INFO: Extracting primitive: Icosphere.002
22:24:37 | INFO: Primitives created: 1
22:24:37 | INFO: Finished glTF 2.0 export in 0.010252952575683594 s

22:24:37 | INFO: Starting glTF 2.0 export
22:24:37 | INFO: Extracting primitive: Icosphere
22:24:37 | INFO: Primitives created: 1
22:24:37 | INFO: Extracting primitive: Icosphere.001
22:24:37 | INFO: Primitives created: 1
22:24:37 | INFO: Extracting primitive: Icosphere.002
22:24:37 | INFO: Primitives created: 1
22:24:37 | INFO: Finished glTF 2.0 export in 0.011504411697387695 s

22:24:37 | INFO: Starting glTF 2.0 export
22:24:37 | INFO: Extracting primitive: Icosphere.003
22:24:37 | INFO: Primitives created: 1
22:24:37 | INFO: Extracting primitive: Icosphere.004
22:24:37 | INFO: Primitives created: 1
22:24:37 | INFO: Extracting primitive: Icosphere.005
22:24:37 | INFO: Primitives created: 1
22:24:37 | INFO: Finished glTF 2.0 export in 0.013211488723754883 s

22:24:37 | INFO: Starting glTF 2.0 export
22:24:37 | INFO: Extracting primitive: Icosphere.003
22:24:37 | INFO: Primitives created: 1
22:24:37 | INFO: Extracting primitive: Icosphere.004
22:24:37 | INFO: Primitives created: 1
22:24:37 | INFO: Extracting primitive: Icosphere.005
22:24:37 | INFO: Primitives created: 1
22:24:37 | INFO: Finished glTF 2.0 export in 0.012052536010742188 s

22:24:37 | INFO: Starting glTF 2.0 export
22:24:37 | INFO: Extracting primitive: Icosphere.003
22:24:37 | INFO: Primitives created: 1
22:24:37 | INFO: Extracting primitive: Icosphere.004
22:24:37 | INFO: Primitives created: 1
22:24:37 | INFO: Extracting primitive: Icosphere.005
22:24:37 | INFO: Primitives created: 1
22:24:37 | INFO: Finished glTF 2.0 export in 0.010128974914550781 s

22:24:37 | INFO: Starting glTF 2.0 export
22:24:37 | INFO: Extracting primitive: Cube.081
22:24:37 | INFO: Primitives created: 1
22:24:37 | INFO: Extracting primitive: Cube.082
22:24:37 | INFO: Primitives created: 1
22:24:37 | INFO: Extracting primitive: Cube.083
22:24:37 | INFO: Primitives created: 1
22:24:37 | INFO: Extracting primitive: Cube.084
22:24:37 | INFO: Primitives created: 1
22:24:37 | INFO: Extracting primitive: Cube.085
22:24:37 | INFO: Primitives created: 1
22:24:37 | INFO: Extracting primitive: Cube.086
22:24:37 | INFO: Primitives created: 1
22:24:37 | INFO: Extracting primitive: Cube.087
22:24:37 | INFO: Primitives created: 1
22:24:37 | INFO: Extracting primitive: Cube.088
22:24:37 | INFO: Primitives created: 1
22:24:37 | INFO: Extracting primitive: Cube.089
22:24:37 | INFO: Primitives created: 1
22:24:37 | INFO: Extracting primitive: Cube.090
22:24:37 | INFO: Primitives created: 1
22:24:37 | INFO: Extracting primitive: Cube.091
22:24:37 | INFO: Primitives created: 1
22:24:37 | INFO: Extracting primitive: Cube.092
22:24:37 | INFO: Primitives created: 1
22:24:37 | INFO: Extracting primitive: Cone.091
22:24:37 | INFO: Primitives created: 1
22:24:37 | INFO: Extracting primitive: Cone.092
22:24:37 | INFO: Primitives created: 1
22:24:37 | INFO: Extracting primitive: Cone.093
22:24:37 | INFO: Primitives created: 1
22:24:37 | INFO: Extracting primitive: Cone.094
22:24:37 | INFO: Primitives created: 1
22:24:37 | INFO: Finished glTF 2.0 export in 0.036925315856933594 s

22:24:37 | INFO: Starting glTF 2.0 export
22:24:37 | INFO: Extracting primitive: Cube.081
22:24:37 | INFO: Primitives created: 1
22:24:37 | INFO: Extracting primitive: Cube.082
22:24:37 | INFO: Primitives created: 1
22:24:37 | INFO: Extracting primitive: Cube.083
22:24:37 | INFO: Primitives created: 1
22:24:37 | INFO: Extracting primitive: Cube.084
22:24:37 | INFO: Primitives created: 1
22:24:37 | INFO: Extracting primitive: Cube.085
22:24:37 | INFO: Primitives created: 1
22:24:37 | INFO: Extracting primitive: Cube.086
22:24:37 | INFO: Primitives created: 1
22:24:37 | INFO: Extracting primitive: Cube.087
22:24:37 | INFO: Primitives created: 1
22:24:37 | INFO: Extracting primitive: Cube.088
22:24:37 | INFO: Primitives created: 1
22:24:37 | INFO: Extracting primitive: Cube.089
22:24:37 | INFO: Primitives created: 1
22:24:37 | INFO: Extracting primitive: Cube.090
22:24:37 | INFO: Primitives created: 1
22:24:37 | INFO: Extracting primitive: Cube.091
22:24:37 | INFO: Primitives created: 1
22:24:37 | INFO: Extracting primitive: Cube.092
22:24:37 | INFO: Primitives created: 1
22:24:37 | INFO: Extracting primitive: Cone.091
22:24:37 | INFO: Primitives created: 1
22:24:37 | INFO: Extracting primitive: Cone.092
22:24:37 | INFO: Primitives created: 1
22:24:37 | INFO: Extracting primitive: Cone.093
22:24:37 | INFO: Primitives created: 1
22:24:37 | INFO: Extracting primitive: Cone.094
22:24:37 | INFO: Primitives created: 1
22:24:37 | INFO: Finished glTF 2.0 export in 0.036649465560913086 s

22:24:37 | INFO: Starting glTF 2.0 export
22:24:37 | INFO: Extracting primitive: Cube.081
22:24:37 | INFO: Primitives created: 1
22:24:37 | INFO: Extracting primitive: Cube.082
22:24:37 | INFO: Primitives created: 1
22:24:37 | INFO: Extracting primitive: Cube.083
22:24:37 | INFO: Primitives created: 1
22:24:37 | INFO: Extracting primitive: Cube.084
22:24:37 | INFO: Primitives created: 1
22:24:37 | INFO: Extracting primitive: Cube.085
22:24:37 | INFO: Primitives created: 1
22:24:37 | INFO: Extracting primitive: Cube.086
22:24:37 | INFO: Primitives created: 1
22:24:37 | INFO: Extracting primitive: Cube.087
22:24:37 | INFO: Primitives created: 1
22:24:37 | INFO: Extracting primitive: Cube.088
22:24:37 | INFO: Primitives created: 1
22:24:37 | INFO: Extracting primitive: Cube.089
22:24:37 | INFO: Primitives created: 1
22:24:37 | INFO: Extracting primitive: Cube.090
22:24:37 | INFO: Primitives created: 1
22:24:37 | INFO: Extracting primitive: Cube.091
22:24:37 | INFO: Primitives created: 1
22:24:37 | INFO: Extracting primitive: Cube.092
22:24:37 | INFO: Primitives created: 1
22:24:37 | INFO: Extracting primitive: Cone.091
22:24:37 | INFO: Primitives created: 1
22:24:37 | INFO: Extracting primitive: Cone.092
22:24:37 | INFO: Primitives created: 1
22:24:37 | INFO: Extracting primitive: Cone.093
22:24:37 | INFO: Primitives created: 1
22:24:37 | INFO: Extracting primitive: Cone.094
22:24:37 | INFO: Primitives created: 1
22:24:37 | INFO: Finished glTF 2.0 export in 0.03854179382324219 s

22:24:37 | INFO: Starting glTF 2.0 export
22:24:37 | INFO: Extracting primitive: Sphere.165
22:24:37 | INFO: Primitives created: 1
22:24:37 | INFO: Extracting primitive: Torus.006
22:24:37 | INFO: Primitives created: 1
22:24:37 | INFO: Extracting primitive: Cone.095
22:24:37 | INFO: Primitives created: 1
22:24:37 | INFO: Extracting primitive: Flag
22:24:37 | INFO: Primitives created: 1
22:24:37 | INFO: Finished glTF 2.0 export in 0.017651796340942383 s

22:24:37 | INFO: Starting glTF 2.0 export
22:24:37 | INFO: Extracting primitive: Sphere.165
22:24:37 | INFO: Primitives created: 1
22:24:37 | INFO: Extracting primitive: Torus.006
22:24:37 | INFO: Primitives created: 1
22:24:37 | INFO: Extracting primitive: Cone.095
22:24:37 | INFO: Primitives created: 1
22:24:37 | INFO: Extracting primitive: Flag
22:24:37 | INFO: Primitives created: 1
22:24:37 | INFO: Finished glTF 2.0 export in 0.01903080940246582 s

22:24:37 | INFO: Starting glTF 2.0 export
22:24:37 | INFO: Extracting primitive: Sphere.165
22:24:37 | INFO: Primitives created: 1
22:24:37 | INFO: Extracting primitive: Torus.006
22:24:37 | INFO: Primitives created: 1
22:24:37 | INFO: Extracting primitive: Cone.095
22:24:37 | INFO: Primitives created: 1
22:24:37 | INFO: Extracting primitive: Flag
22:24:37 | INFO: Primitives created: 1
22:24:37 | INFO: Finished glTF 2.0 export in 0.01785874366760254 s

22:24:37 | INFO: Starting glTF 2.0 export
22:24:37 | INFO: Extracting primitive: Cone.096
22:24:37 | INFO: Primitives created: 1
22:24:37 | INFO: Extracting primitive: Sphere.166
22:24:37 | INFO: Primitives created: 1
22:24:37 | INFO: Extracting primitive: Cone.097
22:24:37 | INFO: Primitives created: 1
22:24:37 | INFO: Extracting primitive: Sphere.167
22:24:37 | INFO: Primitives created: 1
22:24:37 | INFO: Extracting primitive: Cube.093
22:24:37 | INFO: Primitives created: 1
22:24:37 | INFO: Extracting primitive: Start title
22:24:37 | INFO: Primitives created: 1
22:24:37 | INFO: Extracting primitive: Cube.094
22:24:37 | INFO: Primitives created: 1
22:24:37 | INFO: Extracting primitive: Cube.095
22:24:37 | INFO: Primitives created: 1
22:24:37 | INFO: Extracting primitive: Cube.096
22:24:37 | INFO: Primitives created: 1
22:24:37 | INFO: Extracting primitive: Cube.097
22:24:37 | INFO: Primitives created: 1
22:24:37 | INFO: Extracting primitive: Cube.098
22:24:37 | INFO: Primitives created: 1
22:24:37 | INFO: Extracting primitive: Cube.099
22:24:37 | INFO: Primitives created: 1
22:24:37 | INFO: Finished glTF 2.0 export in 0.032976627349853516 s

22:24:37 | INFO: Starting glTF 2.0 export
22:24:37 | INFO: Extracting primitive: Cone.096
22:24:37 | INFO: Primitives created: 1
22:24:37 | INFO: Extracting primitive: Sphere.166
22:24:37 | INFO: Primitives created: 1
22:24:37 | INFO: Extracting primitive: Cone.097
22:24:37 | INFO: Primitives created: 1
22:24:37 | INFO: Extracting primitive: Sphere.167
22:24:37 | INFO: Primitives created: 1
22:24:37 | INFO: Extracting primitive: Cube.093
22:24:37 | INFO: Primitives created: 1
22:24:37 | INFO: Extracting primitive: Start title
22:24:37 | INFO: Primitives created: 1
22:24:37 | INFO: Extracting primitive: Cube.094
22:24:37 | INFO: Primitives created: 1
22:24:37 | INFO: Extracting primitive: Cube.095
22:24:37 | INFO: Primitives created: 1
22:24:37 | INFO: Extracting primitive: Cube.096
22:24:37 | INFO: Primitives created: 1
22:24:37 | INFO: Extracting primitive: Cube.097
22:24:37 | INFO: Primitives created: 1
22:24:37 | INFO: Extracting primitive: Cube.098
22:24:37 | INFO: Primitives created: 1
22:24:37 | INFO: Extracting primitive: Cube.099
22:24:37 | INFO: Primitives created: 1
22:24:37 | INFO: Finished glTF 2.0 export in 0.03385353088378906 s

22:24:37 | INFO: Starting glTF 2.0 export
22:24:37 | INFO: Extracting primitive: Cone.096
22:24:37 | INFO: Primitives created: 1
22:24:37 | INFO: Extracting primitive: Sphere.166
22:24:37 | INFO: Primitives created: 1
22:24:37 | INFO: Extracting primitive: Cone.097
22:24:37 | INFO: Primitives created: 1
22:24:37 | INFO: Extracting primitive: Sphere.167
22:24:37 | INFO: Primitives created: 1
22:24:37 | INFO: Extracting primitive: Cube.093
22:24:37 | INFO: Primitives created: 1
22:24:37 | INFO: Extracting primitive: Start title
22:24:37 | INFO: Primitives created: 1
22:24:37 | INFO: Extracting primitive: Cube.094
22:24:37 | INFO: Primitives created: 1
22:24:37 | INFO: Extracting primitive: Cube.095
22:24:37 | INFO: Primitives created: 1
22:24:37 | INFO: Extracting primitive: Cube.096
22:24:37 | INFO: Primitives created: 1
22:24:37 | INFO: Extracting primitive: Cube.097
22:24:37 | INFO: Primitives created: 1
22:24:37 | INFO: Extracting primitive: Cube.098
22:24:37 | INFO: Primitives created: 1
22:24:37 | INFO: Extracting primitive: Cube.099
22:24:37 | INFO: Primitives created: 1
22:24:37 | INFO: Finished glTF 2.0 export in 0.031105995178222656 s

22:24:37 | INFO: Starting glTF 2.0 export
22:24:37 | INFO: Extracting primitive: Ramp
22:24:37 | INFO: Primitives created: 1
22:24:37 | INFO: Extracting primitive: Cone.098
22:24:37 | INFO: Primitives created: 1
22:24:37 | INFO: Extracting primitive: Cone.099
22:24:37 | INFO: Primitives created: 1
22:24:37 | INFO: Finished glTF 2.0 export in 0.014489173889160156 s

22:24:37 | INFO: Starting glTF 2.0 export
22:24:37 | INFO: Extracting primitive: Ramp
22:24:37 | INFO: Primitives created: 1
22:24:37 | INFO: Extracting primitive: Cone.098
22:24:37 | INFO: Primitives created: 1
22:24:37 | INFO: Extracting primitive: Cone.099
22:24:37 | INFO: Primitives created: 1
22:24:37 | INFO: Finished glTF 2.0 export in 0.014030218124389648 s

22:24:37 | INFO: Starting glTF 2.0 export
22:24:37 | INFO: Extracting primitive: Ramp
22:24:37 | INFO: Primitives created: 1
22:24:37 | INFO: Extracting primitive: Cone.098
22:24:37 | INFO: Primitives created: 1
22:24:37 | INFO: Extracting primitive: Cone.099
22:24:37 | INFO: Primitives created: 1
22:24:37 | INFO: Finished glTF 2.0 export in 0.03510284423828125 s

22:24:37 | INFO: Starting glTF 2.0 export
22:24:37 | INFO: Extracting primitive: Cube.100
22:24:37 | INFO: Primitives created: 1
22:24:37 | INFO: Extracting primitive: Arrow
22:24:37 | INFO: Primitives created: 1
22:24:37 | INFO: Extracting primitive: Cone.100
22:24:37 | INFO: Primitives created: 1
22:24:37 | INFO: Extracting primitive: Cone.101
22:24:37 | INFO: Primitives created: 1
22:24:37 | INFO: Finished glTF 2.0 export in 0.017227649688720703 s

22:24:37 | INFO: Starting glTF 2.0 export
22:24:37 | INFO: Extracting primitive: Cube.100
22:24:37 | INFO: Primitives created: 1
22:24:37 | INFO: Extracting primitive: Arrow
22:24:37 | INFO: Primitives created: 1
22:24:37 | INFO: Extracting primitive: Cone.100
22:24:37 | INFO: Primitives created: 1
22:24:37 | INFO: Extracting primitive: Cone.101
22:24:37 | INFO: Primitives created: 1
22:24:37 | INFO: Finished glTF 2.0 export in 0.016898155212402344 s

22:24:37 | INFO: Starting glTF 2.0 export
22:24:37 | INFO: Extracting primitive: Cube.100
22:24:37 | INFO: Primitives created: 1
22:24:37 | INFO: Extracting primitive: Arrow
22:24:37 | INFO: Primitives created: 1
22:24:37 | INFO: Extracting primitive: Cone.100
22:24:37 | INFO: Primitives created: 1
22:24:37 | INFO: Extracting primitive: Cone.101
22:24:37 | INFO: Primitives created: 1
22:24:37 | INFO: Finished glTF 2.0 export in 0.015981435775756836 s

22:24:37 | INFO: Starting glTF 2.0 export
22:24:37 | INFO: Extracting primitive: Cube.101
22:24:37 | INFO: Primitives created: 1
22:24:37 | INFO: Extracting primitive: Cube.102
22:24:37 | INFO: Primitives created: 1
22:24:37 | INFO: Extracting primitive: Cube.103
22:24:37 | INFO: Primitives created: 1
22:24:37 | INFO: Extracting primitive: Cube.104
22:24:37 | INFO: Primitives created: 1
22:24:37 | INFO: Extracting primitive: Cube.105
22:24:37 | INFO: Primitives created: 1
22:24:37 | INFO: Extracting primitive: Cube.106
22:24:37 | INFO: Primitives created: 1
22:24:37 | INFO: Extracting primitive: Cube.107
22:24:37 | INFO: Primitives created: 1
22:24:37 | INFO: Extracting primitive: Cube.108
22:24:37 | INFO: Primitives created: 1
22:24:37 | INFO: Extracting primitive: Cube.109
22:24:37 | INFO: Primitives created: 1
22:24:37 | INFO: Extracting primitive: Cube.110
22:24:37 | INFO: Primitives created: 1
22:24:37 | INFO: Extracting primitive: Cube.111
22:24:37 | INFO: Primitives created: 1
22:24:37 | INFO: Extracting primitive: Cube.112
22:24:37 | INFO: Primitives created: 1
22:24:37 | INFO: Extracting primitive: Cube.113
22:24:37 | INFO: Primitives created: 1
22:24:37 | INFO: Extracting primitive: Cube.114
22:24:37 | INFO: Primitives created: 1
22:24:37 | INFO: Extracting primitive: Cube.115
22:24:37 | INFO: Primitives created: 1
22:24:37 | INFO: Extracting primitive: Cube.116
22:24:37 | INFO: Primitives created: 1
22:24:37 | INFO: Extracting primitive: Cube.117
22:24:37 | INFO: Primitives created: 1
22:24:37 | INFO: Extracting primitive: Cube.118
22:24:37 | INFO: Primitives created: 1
22:24:37 | INFO: Extracting primitive: Cube.119
22:24:37 | INFO: Primitives created: 1
22:24:37 | INFO: Extracting primitive: Cube.120
22:24:37 | INFO: Primitives created: 1
22:24:37 | INFO: Extracting primitive: Cube.121
22:24:37 | INFO: Primitives created: 1
22:24:37 | INFO: Extracting primitive: Cube.122
22:24:37 | INFO: Primitives created: 1
22:24:37 | INFO: Extracting primitive: Cube.123
22:24:37 | INFO: Primitives created: 1
22:24:37 | INFO: Extracting primitive: Cube.124
22:24:37 | INFO: Primitives created: 1
22:24:37 | INFO: Extracting primitive: Cube.125
22:24:37 | INFO: Primitives created: 1
22:24:37 | INFO: Extracting primitive: Cube.126
22:24:37 | INFO: Primitives created: 1
22:24:37 | INFO: Extracting primitive: Cube.127
22:24:37 | INFO: Primitives created: 1
22:24:37 | INFO: Extracting primitive: Cube.128
22:24:37 | INFO: Primitives created: 1
22:24:37 | INFO: Extracting primitive: Cube.129
22:24:37 | INFO: Primitives created: 1
22:24:37 | INFO: Extracting primitive: Cube.130
22:24:37 | INFO: Primitives created: 1
22:24:37 | INFO: Extracting primitive: Cube.131
22:24:37 | INFO: Primitives created: 1
22:24:37 | INFO: Extracting primitive: Cube.132
22:24:37 | INFO: Primitives created: 1
22:24:37 | INFO: Extracting primitive: Cube.133
22:24:37 | INFO: Primitives created: 1
22:24:37 | INFO: Extracting primitive: Cube.134
22:24:37 | INFO: Primitives created: 1
22:24:37 | INFO: Extracting primitive: Cube.135
22:24:37 | INFO: Primitives created: 1
22:24:37 | INFO: Extracting primitive: Cargo label
22:24:37 | INFO: Primitives created: 1
22:24:37 | INFO: Finished glTF 2.0 export in 0.08057260513305664 s

22:24:37 | INFO: Starting glTF 2.0 export
22:24:37 | INFO: Extracting primitive: Cube.101
22:24:37 | INFO: Primitives created: 1
22:24:37 | INFO: Extracting primitive: Cube.102
22:24:37 | INFO: Primitives created: 1
22:24:37 | INFO: Extracting primitive: Cube.103
22:24:37 | INFO: Primitives created: 1
22:24:37 | INFO: Extracting primitive: Cube.104
22:24:37 | INFO: Primitives created: 1
22:24:37 | INFO: Extracting primitive: Cube.105
22:24:37 | INFO: Primitives created: 1
22:24:37 | INFO: Extracting primitive: Cube.106
22:24:37 | INFO: Primitives created: 1
22:24:37 | INFO: Extracting primitive: Cube.107
22:24:37 | INFO: Primitives created: 1
22:24:37 | INFO: Extracting primitive: Cube.108
22:24:37 | INFO: Primitives created: 1
22:24:37 | INFO: Extracting primitive: Cube.109
22:24:37 | INFO: Primitives created: 1
22:24:37 | INFO: Extracting primitive: Cube.110
22:24:37 | INFO: Primitives created: 1
22:24:37 | INFO: Extracting primitive: Cube.111
22:24:37 | INFO: Primitives created: 1
22:24:37 | INFO: Extracting primitive: Cube.112
22:24:37 | INFO: Primitives created: 1
22:24:37 | INFO: Extracting primitive: Cube.113
22:24:37 | INFO: Primitives created: 1
22:24:37 | INFO: Extracting primitive: Cube.114
22:24:37 | INFO: Primitives created: 1
22:24:37 | INFO: Extracting primitive: Cube.115
22:24:37 | INFO: Primitives created: 1
22:24:37 | INFO: Extracting primitive: Cube.116
22:24:37 | INFO: Primitives created: 1
22:24:37 | INFO: Extracting primitive: Cube.117
22:24:37 | INFO: Primitives created: 1
22:24:37 | INFO: Extracting primitive: Cube.118
22:24:37 | INFO: Primitives created: 1
22:24:37 | INFO: Extracting primitive: Cube.119
22:24:37 | INFO: Primitives created: 1
22:24:37 | INFO: Extracting primitive: Cube.120
22:24:37 | INFO: Primitives created: 1
22:24:37 | INFO: Extracting primitive: Cube.121
22:24:37 | INFO: Primitives created: 1
22:24:37 | INFO: Extracting primitive: Cube.122
22:24:37 | INFO: Primitives created: 1
22:24:37 | INFO: Extracting primitive: Cube.123
22:24:37 | INFO: Primitives created: 1
22:24:37 | INFO: Extracting primitive: Cube.124
22:24:37 | INFO: Primitives created: 1
22:24:37 | INFO: Extracting primitive: Cube.125
22:24:37 | INFO: Primitives created: 1
22:24:37 | INFO: Extracting primitive: Cube.126
22:24:37 | INFO: Primitives created: 1
22:24:37 | INFO: Extracting primitive: Cube.127
22:24:37 | INFO: Primitives created: 1
22:24:37 | INFO: Extracting primitive: Cube.128
22:24:37 | INFO: Primitives created: 1
22:24:37 | INFO: Extracting primitive: Cube.129
22:24:37 | INFO: Primitives created: 1
22:24:37 | INFO: Extracting primitive: Cube.130
22:24:37 | INFO: Primitives created: 1
22:24:37 | INFO: Extracting primitive: Cube.131
22:24:37 | INFO: Primitives created: 1
22:24:37 | INFO: Extracting primitive: Cube.132
22:24:37 | INFO: Primitives created: 1
22:24:37 | INFO: Extracting primitive: Cube.133
22:24:37 | INFO: Primitives created: 1
22:24:37 | INFO: Extracting primitive: Cube.134
22:24:37 | INFO: Primitives created: 1
22:24:37 | INFO: Extracting primitive: Cube.135
22:24:37 | INFO: Primitives created: 1
22:24:37 | INFO: Extracting primitive: Cargo label
22:24:37 | INFO: Primitives created: 1
22:24:37 | INFO: Finished glTF 2.0 export in 0.0811147689819336 s

22:24:37 | INFO: Starting glTF 2.0 export
22:24:37 | INFO: Extracting primitive: Cube.101
22:24:37 | INFO: Primitives created: 1
22:24:37 | INFO: Extracting primitive: Cube.102
22:24:37 | INFO: Primitives created: 1
22:24:37 | INFO: Extracting primitive: Cube.103
22:24:37 | INFO: Primitives created: 1
22:24:37 | INFO: Extracting primitive: Cube.104
22:24:37 | INFO: Primitives created: 1
22:24:37 | INFO: Extracting primitive: Cube.105
22:24:37 | INFO: Primitives created: 1
22:24:37 | INFO: Extracting primitive: Cube.106
22:24:37 | INFO: Primitives created: 1
22:24:37 | INFO: Extracting primitive: Cube.107
22:24:37 | INFO: Primitives created: 1
22:24:37 | INFO: Extracting primitive: Cube.108
22:24:37 | INFO: Primitives created: 1
22:24:37 | INFO: Extracting primitive: Cube.109
22:24:37 | INFO: Primitives created: 1
22:24:37 | INFO: Extracting primitive: Cube.110
22:24:37 | INFO: Primitives created: 1
22:24:37 | INFO: Extracting primitive: Cube.111
22:24:37 | INFO: Primitives created: 1
22:24:37 | INFO: Extracting primitive: Cube.112
22:24:37 | INFO: Primitives created: 1
22:24:37 | INFO: Extracting primitive: Cube.113
22:24:37 | INFO: Primitives created: 1
22:24:37 | INFO: Extracting primitive: Cube.114
22:24:37 | INFO: Primitives created: 1
22:24:37 | INFO: Extracting primitive: Cube.115
22:24:37 | INFO: Primitives created: 1
22:24:37 | INFO: Extracting primitive: Cube.116
22:24:37 | INFO: Primitives created: 1
22:24:37 | INFO: Extracting primitive: Cube.117
22:24:37 | INFO: Primitives created: 1
22:24:37 | INFO: Extracting primitive: Cube.118
22:24:37 | INFO: Primitives created: 1
22:24:37 | INFO: Extracting primitive: Cube.119
22:24:37 | INFO: Primitives created: 1
22:24:37 | INFO: Extracting primitive: Cube.120
22:24:37 | INFO: Primitives created: 1
22:24:37 | INFO: Extracting primitive: Cube.121
22:24:37 | INFO: Primitives created: 1
22:24:37 | INFO: Extracting primitive: Cube.122
22:24:37 | INFO: Primitives created: 1
22:24:37 | INFO: Extracting primitive: Cube.123
22:24:37 | INFO: Primitives created: 1
22:24:37 | INFO: Extracting primitive: Cube.124
22:24:37 | INFO: Primitives created: 1
22:24:37 | INFO: Extracting primitive: Cube.125
22:24:37 | INFO: Primitives created: 1
22:24:37 | INFO: Extracting primitive: Cube.126
22:24:37 | INFO: Primitives created: 1
22:24:37 | INFO: Extracting primitive: Cube.127
22:24:37 | INFO: Primitives created: 1
22:24:37 | INFO: Extracting primitive: Cube.128
22:24:37 | INFO: Primitives created: 1
22:24:37 | INFO: Extracting primitive: Cube.129
22:24:37 | INFO: Primitives created: 1
22:24:37 | INFO: Extracting primitive: Cube.130
22:24:37 | INFO: Primitives created: 1
22:24:37 | INFO: Extracting primitive: Cube.131
22:24:37 | INFO: Primitives created: 1
22:24:37 | INFO: Extracting primitive: Cube.132
22:24:37 | INFO: Primitives created: 1
22:24:37 | INFO: Extracting primitive: Cube.133
22:24:37 | INFO: Primitives created: 1
22:24:37 | INFO: Extracting primitive: Cube.134
22:24:37 | INFO: Primitives created: 1
22:24:37 | INFO: Extracting primitive: Cube.135
22:24:37 | INFO: Primitives created: 1
22:24:37 | INFO: Extracting primitive: Cargo label
22:24:37 | INFO: Primitives created: 1
22:24:37 | INFO: Finished glTF 2.0 export in 0.08230257034301758 s

22:24:38 | INFO: Starting glTF 2.0 export
22:24:38 | INFO: Extracting primitive: Cube.136
22:24:38 | INFO: Primitives created: 1
22:24:38 | INFO: Extracting primitive: Cube.137
22:24:38 | INFO: Primitives created: 1
22:24:38 | INFO: Extracting primitive: Cube.138
22:24:38 | INFO: Primitives created: 1
22:24:38 | INFO: Extracting primitive: Cube.139
22:24:38 | INFO: Primitives created: 1
22:24:38 | INFO: Extracting primitive: Cube.140
22:24:38 | INFO: Primitives created: 1
22:24:38 | INFO: Extracting primitive: Cube.141
22:24:38 | INFO: Primitives created: 1
22:24:38 | INFO: Extracting primitive: Cube.142
22:24:38 | INFO: Primitives created: 1
22:24:38 | INFO: Extracting primitive: Cube.143
22:24:38 | INFO: Primitives created: 1
22:24:38 | INFO: Extracting primitive: Cube.144
22:24:38 | INFO: Primitives created: 1
22:24:38 | INFO: Extracting primitive: Cube.145
22:24:38 | INFO: Primitives created: 1
22:24:38 | INFO: Extracting primitive: Cube.146
22:24:38 | INFO: Primitives created: 1
22:24:38 | INFO: Extracting primitive: Cube.147
22:24:38 | INFO: Primitives created: 1
22:24:38 | INFO: Extracting primitive: Cube.148
22:24:38 | INFO: Primitives created: 1
22:24:38 | INFO: Extracting primitive: Cube.149
22:24:38 | INFO: Primitives created: 1
22:24:38 | INFO: Extracting primitive: Cube.150
22:24:38 | INFO: Primitives created: 1
22:24:38 | INFO: Extracting primitive: Cube.151
22:24:38 | INFO: Primitives created: 1
22:24:38 | INFO: Extracting primitive: Neon sign
22:24:38 | INFO: Primitives created: 1
22:24:38 | INFO: Finished glTF 2.0 export in 0.044480085372924805 s

22:24:38 | INFO: Starting glTF 2.0 export
22:24:38 | INFO: Extracting primitive: Cube.136
22:24:38 | INFO: Primitives created: 1
22:24:38 | INFO: Extracting primitive: Cube.137
22:24:38 | INFO: Primitives created: 1
22:24:38 | INFO: Extracting primitive: Cube.138
22:24:38 | INFO: Primitives created: 1
22:24:38 | INFO: Extracting primitive: Cube.139
22:24:38 | INFO: Primitives created: 1
22:24:38 | INFO: Extracting primitive: Cube.140
22:24:38 | INFO: Primitives created: 1
22:24:38 | INFO: Extracting primitive: Cube.141
22:24:38 | INFO: Primitives created: 1
22:24:38 | INFO: Extracting primitive: Cube.142
22:24:38 | INFO: Primitives created: 1
22:24:38 | INFO: Extracting primitive: Cube.143
22:24:38 | INFO: Primitives created: 1
22:24:38 | INFO: Extracting primitive: Cube.144
22:24:38 | INFO: Primitives created: 1
22:24:38 | INFO: Extracting primitive: Cube.145
22:24:38 | INFO: Primitives created: 1
22:24:38 | INFO: Extracting primitive: Cube.146
22:24:38 | INFO: Primitives created: 1
22:24:38 | INFO: Extracting primitive: Cube.147
22:24:38 | INFO: Primitives created: 1
22:24:38 | INFO: Extracting primitive: Cube.148
22:24:38 | INFO: Primitives created: 1
22:24:38 | INFO: Extracting primitive: Cube.149
22:24:38 | INFO: Primitives created: 1
22:24:38 | INFO: Extracting primitive: Cube.150
22:24:38 | INFO: Primitives created: 1
22:24:38 | INFO: Extracting primitive: Cube.151
22:24:38 | INFO: Primitives created: 1
22:24:38 | INFO: Extracting primitive: Neon sign
22:24:38 | INFO: Primitives created: 1
22:24:38 | INFO: Finished glTF 2.0 export in 0.0420989990234375 s

22:24:38 | INFO: Starting glTF 2.0 export
22:24:38 | INFO: Extracting primitive: Cube.136
22:24:38 | INFO: Primitives created: 1
22:24:38 | INFO: Extracting primitive: Cube.137
22:24:38 | INFO: Primitives created: 1
22:24:38 | INFO: Extracting primitive: Cube.138
22:24:38 | INFO: Primitives created: 1
22:24:38 | INFO: Extracting primitive: Cube.139
22:24:38 | INFO: Primitives created: 1
22:24:38 | INFO: Extracting primitive: Cube.140
22:24:38 | INFO: Primitives created: 1
22:24:38 | INFO: Extracting primitive: Cube.141
22:24:38 | INFO: Primitives created: 1
22:24:38 | INFO: Extracting primitive: Cube.142
22:24:38 | INFO: Primitives created: 1
22:24:38 | INFO: Extracting primitive: Cube.143
22:24:38 | INFO: Primitives created: 1
22:24:38 | INFO: Extracting primitive: Cube.144
22:24:38 | INFO: Primitives created: 1
22:24:38 | INFO: Extracting primitive: Cube.145
22:24:38 | INFO: Primitives created: 1
22:24:38 | INFO: Extracting primitive: Cube.146
22:24:38 | INFO: Primitives created: 1
22:24:38 | INFO: Extracting primitive: Cube.147
22:24:38 | INFO: Primitives created: 1
22:24:38 | INFO: Extracting primitive: Cube.148
22:24:38 | INFO: Primitives created: 1
22:24:38 | INFO: Extracting primitive: Cube.149
22:24:38 | INFO: Primitives created: 1
22:24:38 | INFO: Extracting primitive: Cube.150
22:24:38 | INFO: Primitives created: 1
22:24:38 | INFO: Extracting primitive: Cube.151
22:24:38 | INFO: Primitives created: 1
22:24:38 | INFO: Extracting primitive: Neon sign
22:24:38 | INFO: Primitives created: 1
22:24:38 | INFO: Finished glTF 2.0 export in 0.049361228942871094 s

22:24:38 | INFO: Starting glTF 2.0 export
22:24:38 | INFO: Extracting primitive: Cone.102
22:24:38 | INFO: Primitives created: 1
22:24:38 | INFO: Extracting primitive: Cone.103
22:24:38 | INFO: Primitives created: 1
22:24:38 | INFO: Extracting primitive: Sphere.168
22:24:38 | INFO: Primitives created: 1
22:24:38 | INFO: Extracting primitive: Cone.104
22:24:38 | INFO: Primitives created: 1
22:24:38 | INFO: Extracting primitive: Sphere.169
22:24:38 | INFO: Primitives created: 1
22:24:38 | INFO: Extracting primitive: Cone.105
22:24:38 | INFO: Primitives created: 1
22:24:38 | INFO: Extracting primitive: Sphere.170
22:24:38 | INFO: Primitives created: 1
22:24:38 | INFO: Extracting primitive: Cone.106
22:24:38 | INFO: Primitives created: 1
22:24:38 | INFO: Extracting primitive: Sphere.171
22:24:38 | INFO: Primitives created: 1
22:24:38 | INFO: Extracting primitive: Cone.107
22:24:38 | INFO: Primitives created: 1
22:24:38 | INFO: Extracting primitive: Sphere.172
22:24:38 | INFO: Primitives created: 1
22:24:38 | INFO: Extracting primitive: Cone.108
22:24:38 | INFO: Primitives created: 1
22:24:38 | INFO: Extracting primitive: Sphere.173
22:24:38 | INFO: Primitives created: 1
22:24:38 | INFO: Finished glTF 2.0 export in 0.02944660186767578 s

22:24:38 | INFO: Starting glTF 2.0 export
22:24:38 | INFO: Extracting primitive: Cone.102
22:24:38 | INFO: Primitives created: 1
22:24:38 | INFO: Extracting primitive: Cone.103
22:24:38 | INFO: Primitives created: 1
22:24:38 | INFO: Extracting primitive: Sphere.168
22:24:38 | INFO: Primitives created: 1
22:24:38 | INFO: Extracting primitive: Cone.104
22:24:38 | INFO: Primitives created: 1
22:24:38 | INFO: Extracting primitive: Sphere.169
22:24:38 | INFO: Primitives created: 1
22:24:38 | INFO: Extracting primitive: Cone.105
22:24:38 | INFO: Primitives created: 1
22:24:38 | INFO: Extracting primitive: Sphere.170
22:24:38 | INFO: Primitives created: 1
22:24:38 | INFO: Extracting primitive: Cone.106
22:24:38 | INFO: Primitives created: 1
22:24:38 | INFO: Extracting primitive: Sphere.171
22:24:38 | INFO: Primitives created: 1
22:24:38 | INFO: Extracting primitive: Cone.107
22:24:38 | INFO: Primitives created: 1
22:24:38 | INFO: Extracting primitive: Sphere.172
22:24:38 | INFO: Primitives created: 1
22:24:38 | INFO: Extracting primitive: Cone.108
22:24:38 | INFO: Primitives created: 1
22:24:38 | INFO: Extracting primitive: Sphere.173
22:24:38 | INFO: Primitives created: 1
22:24:38 | INFO: Finished glTF 2.0 export in 0.03502345085144043 s

22:24:38 | INFO: Starting glTF 2.0 export
22:24:38 | INFO: Extracting primitive: Cone.102
22:24:38 | INFO: Primitives created: 1
22:24:38 | INFO: Extracting primitive: Cone.103
22:24:38 | INFO: Primitives created: 1
22:24:38 | INFO: Extracting primitive: Sphere.168
22:24:38 | INFO: Primitives created: 1
22:24:38 | INFO: Extracting primitive: Cone.104
22:24:38 | INFO: Primitives created: 1
22:24:38 | INFO: Extracting primitive: Sphere.169
22:24:38 | INFO: Primitives created: 1
22:24:38 | INFO: Extracting primitive: Cone.105
22:24:38 | INFO: Primitives created: 1
22:24:38 | INFO: Extracting primitive: Sphere.170
22:24:38 | INFO: Primitives created: 1
22:24:38 | INFO: Extracting primitive: Cone.106
22:24:38 | INFO: Primitives created: 1
22:24:38 | INFO: Extracting primitive: Sphere.171
22:24:38 | INFO: Primitives created: 1
22:24:38 | INFO: Extracting primitive: Cone.107
22:24:38 | INFO: Primitives created: 1
22:24:38 | INFO: Extracting primitive: Sphere.172
22:24:38 | INFO: Primitives created: 1
22:24:38 | INFO: Extracting primitive: Cone.108
22:24:38 | INFO: Primitives created: 1
22:24:38 | INFO: Extracting primitive: Sphere.173
22:24:38 | INFO: Primitives created: 1
22:24:38 | INFO: Finished glTF 2.0 export in 0.040615081787109375 s

22:24:38 | INFO: Starting glTF 2.0 export
22:24:38 | INFO: Extracting primitive: Cube.152
22:24:38 | INFO: Primitives created: 1
22:24:38 | INFO: Extracting primitive: Cube.153
22:24:38 | INFO: Primitives created: 1
22:24:38 | INFO: Extracting primitive: Cube.154
22:24:38 | INFO: Primitives created: 1
22:24:38 | INFO: Extracting primitive: Cube.155
22:24:38 | INFO: Primitives created: 1
22:24:38 | INFO: Extracting primitive: Cube.156
22:24:38 | INFO: Primitives created: 1
22:24:38 | INFO: Extracting primitive: Cube.157
22:24:38 | INFO: Primitives created: 1
22:24:38 | INFO: Extracting primitive: Cube.158
22:24:38 | INFO: Primitives created: 1
22:24:38 | INFO: Extracting primitive: Cube.159
22:24:38 | INFO: Primitives created: 1
22:24:38 | INFO: Extracting primitive: Cube.160
22:24:38 | INFO: Primitives created: 1
22:24:38 | INFO: Extracting primitive: Cube.161
22:24:38 | INFO: Primitives created: 1
22:24:38 | INFO: Extracting primitive: Cube.162
22:24:38 | INFO: Primitives created: 1
22:24:38 | INFO: Extracting primitive: Cube.163
22:24:38 | INFO: Primitives created: 1
22:24:38 | INFO: Extracting primitive: Cube.164
22:24:38 | INFO: Primitives created: 1
22:24:38 | INFO: Extracting primitive: Cube.165
22:24:38 | INFO: Primitives created: 1
22:24:38 | INFO: Finished glTF 2.0 export in 0.03698539733886719 s

22:24:38 | INFO: Starting glTF 2.0 export
22:24:38 | INFO: Extracting primitive: Cube.152
22:24:38 | INFO: Primitives created: 1
22:24:38 | INFO: Extracting primitive: Cube.153
22:24:38 | INFO: Primitives created: 1
22:24:38 | INFO: Extracting primitive: Cube.154
22:24:38 | INFO: Primitives created: 1
22:24:38 | INFO: Extracting primitive: Cube.155
22:24:38 | INFO: Primitives created: 1
22:24:38 | INFO: Extracting primitive: Cube.156
22:24:38 | INFO: Primitives created: 1
22:24:38 | INFO: Extracting primitive: Cube.157
22:24:38 | INFO: Primitives created: 1
22:24:38 | INFO: Extracting primitive: Cube.158
22:24:38 | INFO: Primitives created: 1
22:24:38 | INFO: Extracting primitive: Cube.159
22:24:38 | INFO: Primitives created: 1
22:24:38 | INFO: Extracting primitive: Cube.160
22:24:38 | INFO: Primitives created: 1
22:24:38 | INFO: Extracting primitive: Cube.161
22:24:38 | INFO: Primitives created: 1
22:24:38 | INFO: Extracting primitive: Cube.162
22:24:38 | INFO: Primitives created: 1
22:24:38 | INFO: Extracting primitive: Cube.163
22:24:38 | INFO: Primitives created: 1
22:24:38 | INFO: Extracting primitive: Cube.164
22:24:38 | INFO: Primitives created: 1
22:24:38 | INFO: Extracting primitive: Cube.165
22:24:38 | INFO: Primitives created: 1
22:24:38 | INFO: Finished glTF 2.0 export in 0.03643202781677246 s

22:24:38 | INFO: Starting glTF 2.0 export
22:24:38 | INFO: Extracting primitive: Cube.152
22:24:38 | INFO: Primitives created: 1
22:24:38 | INFO: Extracting primitive: Cube.153
22:24:38 | INFO: Primitives created: 1
22:24:38 | INFO: Extracting primitive: Cube.154
22:24:38 | INFO: Primitives created: 1
22:24:38 | INFO: Extracting primitive: Cube.155
22:24:38 | INFO: Primitives created: 1
22:24:38 | INFO: Extracting primitive: Cube.156
22:24:38 | INFO: Primitives created: 1
22:24:38 | INFO: Extracting primitive: Cube.157
22:24:38 | INFO: Primitives created: 1
22:24:38 | INFO: Extracting primitive: Cube.158
22:24:38 | INFO: Primitives created: 1
22:24:38 | INFO: Extracting primitive: Cube.159
22:24:38 | INFO: Primitives created: 1
22:24:38 | INFO: Extracting primitive: Cube.160
22:24:38 | INFO: Primitives created: 1
22:24:38 | INFO: Extracting primitive: Cube.161
22:24:38 | INFO: Primitives created: 1
22:24:38 | INFO: Extracting primitive: Cube.162
22:24:38 | INFO: Primitives created: 1
22:24:38 | INFO: Extracting primitive: Cube.163
22:24:38 | INFO: Primitives created: 1
22:24:38 | INFO: Extracting primitive: Cube.164
22:24:38 | INFO: Primitives created: 1
22:24:38 | INFO: Extracting primitive: Cube.165
22:24:38 | INFO: Primitives created: 1
22:24:38 | INFO: Finished glTF 2.0 export in 0.03696322441101074 s

22:24:38 | INFO: Starting glTF 2.0 export
22:24:38 | INFO: Extracting primitive: Cone.109
22:24:38 | INFO: Primitives created: 1
22:24:38 | INFO: Extracting primitive: Cone.110
22:24:38 | INFO: Primitives created: 1
22:24:38 | INFO: Extracting primitive: Cone.111
22:24:38 | INFO: Primitives created: 1
22:24:38 | INFO: Extracting primitive: Cone.112
22:24:38 | INFO: Primitives created: 1
22:24:38 | INFO: Finished glTF 2.0 export in 0.014446020126342773 s

22:24:38 | INFO: Starting glTF 2.0 export
22:24:38 | INFO: Extracting primitive: Cone.109
22:24:38 | INFO: Primitives created: 1
22:24:38 | INFO: Extracting primitive: Cone.110
22:24:38 | INFO: Primitives created: 1
22:24:38 | INFO: Extracting primitive: Cone.111
22:24:38 | INFO: Primitives created: 1
22:24:38 | INFO: Extracting primitive: Cone.112
22:24:38 | INFO: Primitives created: 1
22:24:38 | INFO: Finished glTF 2.0 export in 0.013653039932250977 s

22:24:38 | INFO: Starting glTF 2.0 export
22:24:38 | INFO: Extracting primitive: Cone.109
22:24:38 | INFO: Primitives created: 1
22:24:38 | INFO: Extracting primitive: Cone.110
22:24:38 | INFO: Primitives created: 1
22:24:38 | INFO: Extracting primitive: Cone.111
22:24:38 | INFO: Primitives created: 1
22:24:38 | INFO: Extracting primitive: Cone.112
22:24:38 | INFO: Primitives created: 1
22:24:38 | INFO: Finished glTF 2.0 export in 0.013539314270019531 s

22:24:38 | INFO: Starting glTF 2.0 export
22:24:38 | INFO: Extracting primitive: Cone.113
22:24:38 | INFO: Primitives created: 1
22:24:38 | INFO: Extracting primitive: Cone.114
22:24:38 | INFO: Primitives created: 1
22:24:38 | INFO: Extracting primitive: Cone.115
22:24:38 | INFO: Primitives created: 1
22:24:38 | INFO: Extracting primitive: Cone.116
22:24:38 | INFO: Primitives created: 1
22:24:38 | INFO: Extracting primitive: Cone.117
22:24:38 | INFO: Primitives created: 1
22:24:38 | INFO: Extracting primitive: Cone.118
22:24:38 | INFO: Primitives created: 1
22:24:38 | INFO: Extracting primitive: Cone.119
22:24:38 | INFO: Primitives created: 1
22:24:38 | INFO: Extracting primitive: Torus.007
22:24:38 | INFO: Primitives created: 1
22:24:38 | INFO: Finished glTF 2.0 export in 0.022958993911743164 s

22:24:38 | INFO: Starting glTF 2.0 export
22:24:38 | INFO: Extracting primitive: Cone.113
22:24:38 | INFO: Primitives created: 1
22:24:38 | INFO: Extracting primitive: Cone.114
22:24:38 | INFO: Primitives created: 1
22:24:38 | INFO: Extracting primitive: Cone.115
22:24:38 | INFO: Primitives created: 1
22:24:38 | INFO: Extracting primitive: Cone.116
22:24:38 | INFO: Primitives created: 1
22:24:38 | INFO: Extracting primitive: Cone.117
22:24:38 | INFO: Primitives created: 1
22:24:38 | INFO: Extracting primitive: Cone.118
22:24:38 | INFO: Primitives created: 1
22:24:38 | INFO: Extracting primitive: Cone.119
22:24:38 | INFO: Primitives created: 1
22:24:38 | INFO: Extracting primitive: Torus.007
22:24:38 | INFO: Primitives created: 1
22:24:38 | INFO: Finished glTF 2.0 export in 0.022086620330810547 s

22:24:38 | INFO: Starting glTF 2.0 export
22:24:38 | INFO: Extracting primitive: Cone.113
22:24:38 | INFO: Primitives created: 1
22:24:38 | INFO: Extracting primitive: Cone.114
22:24:38 | INFO: Primitives created: 1
22:24:38 | INFO: Extracting primitive: Cone.115
22:24:38 | INFO: Primitives created: 1
22:24:38 | INFO: Extracting primitive: Cone.116
22:24:38 | INFO: Primitives created: 1
22:24:38 | INFO: Extracting primitive: Cone.117
22:24:38 | INFO: Primitives created: 1
22:24:38 | INFO: Extracting primitive: Cone.118
22:24:38 | INFO: Primitives created: 1
22:24:38 | INFO: Extracting primitive: Cone.119
22:24:38 | INFO: Primitives created: 1
22:24:38 | INFO: Extracting primitive: Torus.007
22:24:38 | INFO: Primitives created: 1
22:24:38 | INFO: Finished glTF 2.0 export in 0.04357409477233887 s

22:24:38 | INFO: Starting glTF 2.0 export
22:24:38 | INFO: Extracting primitive: Cone.120
22:24:38 | INFO: Primitives created: 1
22:24:38 | INFO: Extracting primitive: Torus.008
22:24:38 | INFO: Primitives created: 1
22:24:38 | INFO: Extracting primitive: Sphere.174
22:24:38 | INFO: Primitives created: 1
22:24:38 | INFO: Extracting primitive: Cone.121
22:24:38 | INFO: Primitives created: 1
22:24:38 | INFO: Extracting primitive: Cone.122
22:24:38 | INFO: Primitives created: 1
22:24:38 | INFO: Extracting primitive: Cone.123
22:24:38 | INFO: Primitives created: 1
22:24:38 | INFO: Finished glTF 2.0 export in 0.018980979919433594 s

22:24:38 | INFO: Starting glTF 2.0 export
22:24:38 | INFO: Extracting primitive: Cone.120
22:24:38 | INFO: Primitives created: 1
22:24:38 | INFO: Extracting primitive: Torus.008
22:24:38 | INFO: Primitives created: 1
22:24:38 | INFO: Extracting primitive: Sphere.174
22:24:38 | INFO: Primitives created: 1
22:24:38 | INFO: Extracting primitive: Cone.121
22:24:38 | INFO: Primitives created: 1
22:24:38 | INFO: Extracting primitive: Cone.122
22:24:38 | INFO: Primitives created: 1
22:24:38 | INFO: Extracting primitive: Cone.123
22:24:38 | INFO: Primitives created: 1
22:24:38 | INFO: Finished glTF 2.0 export in 0.019396305084228516 s

22:24:38 | INFO: Starting glTF 2.0 export
22:24:38 | INFO: Extracting primitive: Cone.120
22:24:38 | INFO: Primitives created: 1
22:24:38 | INFO: Extracting primitive: Torus.008
22:24:38 | INFO: Primitives created: 1
22:24:38 | INFO: Extracting primitive: Sphere.174
22:24:38 | INFO: Primitives created: 1
22:24:38 | INFO: Extracting primitive: Cone.121
22:24:38 | INFO: Primitives created: 1
22:24:38 | INFO: Extracting primitive: Cone.122
22:24:38 | INFO: Primitives created: 1
22:24:38 | INFO: Extracting primitive: Cone.123
22:24:38 | INFO: Primitives created: 1
22:24:38 | INFO: Finished glTF 2.0 export in 0.02028656005859375 s

22:24:38 | INFO: Starting glTF 2.0 export
22:24:38 | INFO: Extracting primitive: Icosphere.006
22:24:38 | INFO: Primitives created: 1
22:24:38 | INFO: Extracting primitive: Icosphere.007
22:24:38 | INFO: Primitives created: 1
22:24:38 | INFO: Extracting primitive: Icosphere.008
22:24:38 | INFO: Primitives created: 1
22:24:38 | INFO: Extracting primitive: Torus.009
22:24:38 | INFO: Primitives created: 1
22:24:38 | INFO: Extracting primitive: Sphere.175
22:24:38 | INFO: Primitives created: 1
22:24:38 | INFO: Finished glTF 2.0 export in 0.01735830307006836 s

22:24:38 | INFO: Starting glTF 2.0 export
22:24:38 | INFO: Extracting primitive: Icosphere.006
22:24:38 | INFO: Primitives created: 1
22:24:38 | INFO: Extracting primitive: Icosphere.007
22:24:38 | INFO: Primitives created: 1
22:24:38 | INFO: Extracting primitive: Icosphere.008
22:24:38 | INFO: Primitives created: 1
22:24:38 | INFO: Extracting primitive: Torus.009
22:24:38 | INFO: Primitives created: 1
22:24:38 | INFO: Extracting primitive: Sphere.175
22:24:38 | INFO: Primitives created: 1
22:24:38 | INFO: Finished glTF 2.0 export in 0.01809239387512207 s

22:24:38 | INFO: Starting glTF 2.0 export
22:24:38 | INFO: Extracting primitive: Icosphere.006
22:24:38 | INFO: Primitives created: 1
22:24:38 | INFO: Extracting primitive: Icosphere.007
22:24:38 | INFO: Primitives created: 1
22:24:38 | INFO: Extracting primitive: Icosphere.008
22:24:38 | INFO: Primitives created: 1
22:24:38 | INFO: Extracting primitive: Torus.009
22:24:38 | INFO: Primitives created: 1
22:24:38 | INFO: Extracting primitive: Sphere.175
22:24:38 | INFO: Primitives created: 1
22:24:38 | INFO: Finished glTF 2.0 export in 0.018859148025512695 s

22:24:38 | INFO: Starting glTF 2.0 export
22:24:38 | INFO: Extracting primitive: Sphere.176
22:24:38 | INFO: Primitives created: 1
22:24:38 | INFO: Extracting primitive: Cube.166
22:24:38 | INFO: Primitives created: 1
22:24:38 | INFO: Extracting primitive: Cube.167
22:24:38 | INFO: Primitives created: 1
22:24:38 | INFO: Extracting primitive: Cone.124
22:24:38 | INFO: Primitives created: 1
22:24:38 | INFO: Finished glTF 2.0 export in 0.018268108367919922 s

22:24:38 | INFO: Starting glTF 2.0 export
22:24:38 | INFO: Extracting primitive: Sphere.176
22:24:38 | INFO: Primitives created: 1
22:24:38 | INFO: Extracting primitive: Cube.166
22:24:38 | INFO: Primitives created: 1
22:24:38 | INFO: Extracting primitive: Cube.167
22:24:38 | INFO: Primitives created: 1
22:24:38 | INFO: Extracting primitive: Cone.124
22:24:38 | INFO: Primitives created: 1
22:24:38 | INFO: Finished glTF 2.0 export in 0.017981767654418945 s

22:24:38 | INFO: Starting glTF 2.0 export
22:24:38 | INFO: Extracting primitive: Sphere.176
22:24:38 | INFO: Primitives created: 1
22:24:38 | INFO: Extracting primitive: Cube.166
22:24:38 | INFO: Primitives created: 1
22:24:38 | INFO: Extracting primitive: Cube.167
22:24:38 | INFO: Primitives created: 1
22:24:38 | INFO: Extracting primitive: Cone.124
22:24:38 | INFO: Primitives created: 1
22:24:38 | INFO: Finished glTF 2.0 export in 0.019869327545166016 s

22:24:38 | INFO: Starting glTF 2.0 export
22:24:38 | INFO: Extracting primitive: Cone.125
22:24:38 | INFO: Primitives created: 1
22:24:38 | INFO: Extracting primitive: Canopy panel
22:24:38 | INFO: Primitives created: 1
22:24:38 | INFO: Extracting primitive: Canopy panel.001
22:24:38 | INFO: Primitives created: 1
22:24:38 | INFO: Extracting primitive: Canopy panel.002
22:24:38 | INFO: Primitives created: 1
22:24:38 | INFO: Extracting primitive: Canopy panel.003
22:24:38 | INFO: Primitives created: 1
22:24:38 | INFO: Extracting primitive: Canopy panel.004
22:24:38 | INFO: Primitives created: 1
22:24:38 | INFO: Extracting primitive: Canopy panel.005
22:24:38 | INFO: Primitives created: 1
22:24:38 | INFO: Extracting primitive: Canopy panel.006
22:24:38 | INFO: Primitives created: 1
22:24:38 | INFO: Extracting primitive: Canopy panel.007
22:24:38 | INFO: Primitives created: 1
22:24:38 | INFO: Finished glTF 2.0 export in 0.018726348876953125 s

22:24:38 | INFO: Starting glTF 2.0 export
22:24:38 | INFO: Extracting primitive: Cone.125
22:24:38 | INFO: Primitives created: 1
22:24:38 | INFO: Extracting primitive: Canopy panel
22:24:38 | INFO: Primitives created: 1
22:24:38 | INFO: Extracting primitive: Canopy panel.001
22:24:38 | INFO: Primitives created: 1
22:24:38 | INFO: Extracting primitive: Canopy panel.002
22:24:38 | INFO: Primitives created: 1
22:24:38 | INFO: Extracting primitive: Canopy panel.003
22:24:38 | INFO: Primitives created: 1
22:24:38 | INFO: Extracting primitive: Canopy panel.004
22:24:38 | INFO: Primitives created: 1
22:24:38 | INFO: Extracting primitive: Canopy panel.005
22:24:38 | INFO: Primitives created: 1
22:24:38 | INFO: Extracting primitive: Canopy panel.006
22:24:38 | INFO: Primitives created: 1
22:24:38 | INFO: Extracting primitive: Canopy panel.007
22:24:38 | INFO: Primitives created: 1
22:24:38 | INFO: Finished glTF 2.0 export in 0.01859736442565918 s

22:24:38 | INFO: Starting glTF 2.0 export
22:24:38 | INFO: Extracting primitive: Cone.125
22:24:38 | INFO: Primitives created: 1
22:24:38 | INFO: Extracting primitive: Canopy panel
22:24:38 | INFO: Primitives created: 1
22:24:38 | INFO: Extracting primitive: Canopy panel.001
22:24:38 | INFO: Primitives created: 1
22:24:38 | INFO: Extracting primitive: Canopy panel.002
22:24:38 | INFO: Primitives created: 1
22:24:38 | INFO: Extracting primitive: Canopy panel.003
22:24:38 | INFO: Primitives created: 1
22:24:38 | INFO: Extracting primitive: Canopy panel.004
22:24:38 | INFO: Primitives created: 1
22:24:38 | INFO: Extracting primitive: Canopy panel.005
22:24:38 | INFO: Primitives created: 1
22:24:38 | INFO: Extracting primitive: Canopy panel.006
22:24:38 | INFO: Primitives created: 1
22:24:38 | INFO: Extracting primitive: Canopy panel.007
22:24:38 | INFO: Primitives created: 1
22:24:38 | INFO: Finished glTF 2.0 export in 0.018201589584350586 s

22:24:38 | INFO: Starting glTF 2.0 export
22:24:38 | INFO: Extracting primitive: Sphere.177
22:24:38 | INFO: Primitives created: 1
22:24:38 | INFO: Extracting primitive: Sphere.178
22:24:38 | INFO: Primitives created: 1
22:24:38 | INFO: Extracting primitive: Sphere.179
22:24:38 | INFO: Primitives created: 1
22:24:38 | INFO: Extracting primitive: Sphere.180
22:24:38 | INFO: Primitives created: 1
22:24:38 | INFO: Extracting primitive: Sphere.181
22:24:38 | INFO: Primitives created: 1
22:24:38 | INFO: Finished glTF 2.0 export in 0.02122020721435547 s

22:24:39 | INFO: Starting glTF 2.0 export
22:24:39 | INFO: Extracting primitive: Sphere.177
22:24:39 | INFO: Primitives created: 1
22:24:39 | INFO: Extracting primitive: Sphere.178
22:24:39 | INFO: Primitives created: 1
22:24:39 | INFO: Extracting primitive: Sphere.179
22:24:39 | INFO: Primitives created: 1
22:24:39 | INFO: Extracting primitive: Sphere.180
22:24:39 | INFO: Primitives created: 1
22:24:39 | INFO: Extracting primitive: Sphere.181
22:24:39 | INFO: Primitives created: 1
22:24:39 | INFO: Finished glTF 2.0 export in 0.022210359573364258 s

22:24:39 | INFO: Starting glTF 2.0 export
22:24:39 | INFO: Extracting primitive: Sphere.177
22:24:39 | INFO: Primitives created: 1
22:24:39 | INFO: Extracting primitive: Sphere.178
22:24:39 | INFO: Primitives created: 1
22:24:39 | INFO: Extracting primitive: Sphere.179
22:24:39 | INFO: Primitives created: 1
22:24:39 | INFO: Extracting primitive: Sphere.180
22:24:39 | INFO: Primitives created: 1
22:24:39 | INFO: Extracting primitive: Sphere.181
22:24:39 | INFO: Primitives created: 1
22:24:39 | INFO: Finished glTF 2.0 export in 0.022803068161010742 s

22:24:39 | INFO: Starting glTF 2.0 export
22:24:39 | INFO: Extracting primitive: Torus.010
22:24:39 | INFO: Primitives created: 1
22:24:39 | INFO: Extracting primitive: Cube.168
22:24:39 | INFO: Primitives created: 1
22:24:39 | INFO: Extracting primitive: Cube.169
22:24:39 | INFO: Primitives created: 1
22:24:39 | INFO: Extracting primitive: Charge
22:24:39 | INFO: Primitives created: 1
22:24:39 | INFO: Finished glTF 2.0 export in 0.01785135269165039 s

22:24:39 | INFO: Starting glTF 2.0 export
22:24:39 | INFO: Extracting primitive: Torus.010
22:24:39 | INFO: Primitives created: 1
22:24:39 | INFO: Extracting primitive: Cube.168
22:24:39 | INFO: Primitives created: 1
22:24:39 | INFO: Extracting primitive: Cube.169
22:24:39 | INFO: Primitives created: 1
22:24:39 | INFO: Extracting primitive: Charge
22:24:39 | INFO: Primitives created: 1
22:24:39 | INFO: Finished glTF 2.0 export in 0.019832611083984375 s

22:24:39 | INFO: Starting glTF 2.0 export
22:24:39 | INFO: Extracting primitive: Torus.010
22:24:39 | INFO: Primitives created: 1
22:24:39 | INFO: Extracting primitive: Cube.168
22:24:39 | INFO: Primitives created: 1
22:24:39 | INFO: Extracting primitive: Cube.169
22:24:39 | INFO: Primitives created: 1
22:24:39 | INFO: Extracting primitive: Charge
22:24:39 | INFO: Primitives created: 1
22:24:39 | INFO: Finished glTF 2.0 export in 0.020485877990722656 s

22:24:39 | INFO: Starting glTF 2.0 export
22:24:39 | INFO: Extracting primitive: Torus.011
22:24:39 | INFO: Primitives created: 1
22:24:39 | INFO: Extracting primitive: Sphere.182
22:24:39 | INFO: Primitives created: 1
22:24:39 | INFO: Finished glTF 2.0 export in 0.01364898681640625 s

22:24:39 | INFO: Starting glTF 2.0 export
22:24:39 | INFO: Extracting primitive: Torus.011
22:24:39 | INFO: Primitives created: 1
22:24:39 | INFO: Extracting primitive: Sphere.182
22:24:39 | INFO: Primitives created: 1
22:24:39 | INFO: Finished glTF 2.0 export in 0.016239643096923828 s

22:24:39 | INFO: Starting glTF 2.0 export
22:24:39 | INFO: Extracting primitive: Torus.011
22:24:39 | INFO: Primitives created: 1
22:24:39 | INFO: Extracting primitive: Sphere.182
22:24:39 | INFO: Primitives created: 1
22:24:39 | INFO: Finished glTF 2.0 export in 0.01598358154296875 s

22:24:39 | INFO: Starting glTF 2.0 export
22:24:39 | INFO: Extracting primitive: Torus.012
22:24:39 | INFO: Primitives created: 1
22:24:39 | INFO: Extracting primitive: Torus.013
22:24:39 | INFO: Primitives created: 1
22:24:39 | INFO: Extracting primitive: Torus.014
22:24:39 | INFO: Primitives created: 1
22:24:39 | INFO: Extracting primitive: Torus.015
22:24:39 | INFO: Primitives created: 1
22:24:39 | INFO: Finished glTF 2.0 export in 0.01806783676147461 s

22:24:39 | INFO: Starting glTF 2.0 export
22:24:39 | INFO: Extracting primitive: Torus.012
22:24:39 | INFO: Primitives created: 1
22:24:39 | INFO: Extracting primitive: Torus.013
22:24:39 | INFO: Primitives created: 1
22:24:39 | INFO: Extracting primitive: Torus.014
22:24:39 | INFO: Primitives created: 1
22:24:39 | INFO: Extracting primitive: Torus.015
22:24:39 | INFO: Primitives created: 1
22:24:39 | INFO: Finished glTF 2.0 export in 0.01991724967956543 s

22:24:39 | INFO: Starting glTF 2.0 export
22:24:39 | INFO: Extracting primitive: Torus.012
22:24:39 | INFO: Primitives created: 1
22:24:39 | INFO: Extracting primitive: Torus.013
22:24:39 | INFO: Primitives created: 1
22:24:39 | INFO: Extracting primitive: Torus.014
22:24:39 | INFO: Primitives created: 1
22:24:39 | INFO: Extracting primitive: Torus.015
22:24:39 | INFO: Primitives created: 1
22:24:39 | INFO: Finished glTF 2.0 export in 0.01884770393371582 s

22:24:39 | INFO: Starting glTF 2.0 export
22:24:39 | INFO: Extracting primitive: Torus.016
22:24:39 | INFO: Primitives created: 1
22:24:39 | INFO: Extracting primitive: Torus.017
22:24:39 | INFO: Primitives created: 1
22:24:39 | INFO: Extracting primitive: Torus.018
22:24:39 | INFO: Primitives created: 1
22:24:39 | INFO: Extracting primitive: Torus.019
22:24:39 | INFO: Primitives created: 1
22:24:39 | INFO: Extracting primitive: Torus.020
22:24:39 | INFO: Primitives created: 1
22:24:39 | INFO: Extracting primitive: Torus.021
22:24:39 | INFO: Primitives created: 1
22:24:39 | INFO: Finished glTF 2.0 export in 0.018783092498779297 s

22:24:39 | INFO: Starting glTF 2.0 export
22:24:39 | INFO: Extracting primitive: Torus.016
22:24:39 | INFO: Primitives created: 1
22:24:39 | INFO: Extracting primitive: Torus.017
22:24:39 | INFO: Primitives created: 1
22:24:39 | INFO: Extracting primitive: Torus.018
22:24:39 | INFO: Primitives created: 1
22:24:39 | INFO: Extracting primitive: Torus.019
22:24:39 | INFO: Primitives created: 1
22:24:39 | INFO: Extracting primitive: Torus.020
22:24:39 | INFO: Primitives created: 1
22:24:39 | INFO: Extracting primitive: Torus.021
22:24:39 | INFO: Primitives created: 1
22:24:39 | INFO: Finished glTF 2.0 export in 0.025335073471069336 s

22:24:39 | INFO: Starting glTF 2.0 export
22:24:39 | INFO: Extracting primitive: Torus.016
22:24:39 | INFO: Primitives created: 1
22:24:39 | INFO: Extracting primitive: Torus.017
22:24:39 | INFO: Primitives created: 1
22:24:39 | INFO: Extracting primitive: Torus.018
22:24:39 | INFO: Primitives created: 1
22:24:39 | INFO: Extracting primitive: Torus.019
22:24:39 | INFO: Primitives created: 1
22:24:39 | INFO: Extracting primitive: Torus.020
22:24:39 | INFO: Primitives created: 1
22:24:39 | INFO: Extracting primitive: Torus.021
22:24:39 | INFO: Primitives created: 1
22:24:39 | INFO: Finished glTF 2.0 export in 0.023384571075439453 s

22:24:39 | INFO: Starting glTF 2.0 export
22:24:39 | INFO: Extracting primitive: Cube.170
22:24:39 | INFO: Primitives created: 1
22:24:39 | INFO: Extracting primitive: Cone.126
22:24:39 | INFO: Primitives created: 1
22:24:39 | INFO: Extracting primitive: Sphere.183
22:24:39 | INFO: Primitives created: 1
22:24:39 | INFO: Extracting primitive: Torus.022
22:24:39 | INFO: Primitives created: 1
22:24:39 | INFO: Extracting primitive: Torus.023
22:24:39 | INFO: Primitives created: 1
22:24:39 | INFO: Finished glTF 2.0 export in 0.018628358840942383 s

22:24:39 | INFO: Starting glTF 2.0 export
22:24:39 | INFO: Extracting primitive: Cube.170
22:24:39 | INFO: Primitives created: 1
22:24:39 | INFO: Extracting primitive: Cone.126
22:24:39 | INFO: Primitives created: 1
22:24:39 | INFO: Extracting primitive: Sphere.183
22:24:39 | INFO: Primitives created: 1
22:24:39 | INFO: Extracting primitive: Torus.022
22:24:39 | INFO: Primitives created: 1
22:24:39 | INFO: Extracting primitive: Torus.023
22:24:39 | INFO: Primitives created: 1
22:24:39 | INFO: Finished glTF 2.0 export in 0.020959854125976562 s

22:24:39 | INFO: Starting glTF 2.0 export
22:24:39 | INFO: Extracting primitive: Cube.170
22:24:39 | INFO: Primitives created: 1
22:24:39 | INFO: Extracting primitive: Cone.126
22:24:39 | INFO: Primitives created: 1
22:24:39 | INFO: Extracting primitive: Sphere.183
22:24:39 | INFO: Primitives created: 1
22:24:39 | INFO: Extracting primitive: Torus.022
22:24:39 | INFO: Primitives created: 1
22:24:39 | INFO: Extracting primitive: Torus.023
22:24:39 | INFO: Primitives created: 1
22:24:39 | INFO: Finished glTF 2.0 export in 0.020721912384033203 s

22:24:39 | INFO: Starting glTF 2.0 export
22:24:39 | INFO: Extracting primitive: Water surface
22:24:39 | INFO: Primitives created: 1
22:24:39 | INFO: Finished glTF 2.0 export in 0.01311802864074707 s

22:24:39 | INFO: Starting glTF 2.0 export
22:24:39 | INFO: Extracting primitive: Water surface
22:24:39 | INFO: Primitives created: 1
22:24:39 | INFO: Finished glTF 2.0 export in 0.0158536434173584 s

22:24:39 | INFO: Starting glTF 2.0 export
22:24:39 | INFO: Extracting primitive: Water surface
22:24:39 | INFO: Primitives created: 1
22:24:39 | INFO: Finished glTF 2.0 export in 0.016340017318725586 s
00:40.172  render           | Saved: 'C:\SahilAppProjects\Spruce-M\assets\previews\01_characters.png'
01:17.907  render           | Saved: 'C:\SahilAppProjects\Spruce-M\assets\previews\02_watercraft.png'
02:00.125  render           | Saved: 'C:\SahilAppProjects\Spruce-M\assets\previews\03_environment_library.png'

Info: Saved as "Hydro_Drift_Library.blend"
HYDRO_ASSETS_COMPLETE 36
Blender 5.1.2 (hash ec6e62d40fa9 built 2026-05-19 01:37:34)

Blender quit
