00:04.156  blend            | Read blend: "C:\SahilAppProjects\Spruce-M\assets\source\Hydro_Drift_Library.blend"
C:\SahilAppProjects\Spruce-M\assets\build_courses.py:8: DeprecationWarning: 'Material.use_nodes' is expected to be removed in Blender 6.0
  m=bpy.data.materials.new('sand'); m.diffuse_color=(.78,.64,.39,1); m.use_nodes=True; m.node_tree.nodes.get('Principled BSDF').inputs['Base Color'].default_value=(.78,.64,.39,1)
INFO Draco mesh compression is available, use library at C:\Program Files\Blender Foundation\Blender 5.1\5.1\scripts\addons_core\io_scene_gltf2\extern_draco.dll
22:31:53 | INFO: Starting glTF 2.0 export
22:31:53 | INFO: Extracting primitive: Mesh
22:31:53 | INFO: Primitives created: 0
22:31:53 | WARNING: Mesh 'Mesh' has no primitives and will be omitted.
22:31:53 | INFO: Extracting primitive: Sphere.098
22:31:53 | INFO: Primitives created: 1
22:31:53 | INFO: Extracting primitive: Plane
22:31:53 | INFO: Primitives created: 1
22:31:53 | INFO: Extracting primitive: Sphere.162
22:31:53 | INFO: Primitives created: 1
22:31:53 | INFO: Extracting primitive: Sphere.163
22:31:53 | INFO: Primitives created: 1
22:31:53 | INFO: Extracting primitive: Sphere.164
22:31:53 | INFO: Primitives created: 1
22:31:53 | INFO: Extracting primitive: Palm frond
22:31:53 | INFO: Primitives created: 1
22:31:53 | INFO: Extracting primitive: Palm frond.001
22:31:53 | INFO: Primitives created: 1
22:31:53 | INFO: Extracting primitive: Palm frond.002
22:31:53 | INFO: Primitives created: 1
22:31:53 | INFO: Extracting primitive: Palm frond.003
22:31:53 | INFO: Primitives created: 1
22:31:53 | INFO: Extracting primitive: Palm frond.004
22:31:53 | INFO: Primitives created: 1
22:31:53 | INFO: Extracting primitive: Palm frond.005
22:31:53 | INFO: Primitives created: 1
22:31:53 | INFO: Extracting primitive: Palm frond.006
22:31:53 | INFO: Primitives created: 1
22:31:53 | INFO: Extracting primitive: Palm frond.007
22:31:53 | INFO: Primitives created: 1
22:31:53 | INFO: Extracting primitive: Cone.084
22:31:53 | INFO: Primitives created: 1
22:31:53 | INFO: Extracting primitive: Cone.085
22:31:53 | INFO: Primitives created: 1
22:31:53 | INFO: Extracting primitive: Cone.086
22:31:53 | INFO: Primitives created: 1
22:31:53 | INFO: Extracting primitive: Cone.087
22:31:53 | INFO: Primitives created: 1
22:31:53 | INFO: Extracting primitive: Cone.088
22:31:53 | INFO: Primitives created: 1
22:31:53 | INFO: Extracting primitive: Cone.089
22:31:53 | INFO: Primitives created: 1
22:31:53 | INFO: Extracting primitive: Cone.090
22:31:53 | INFO: Primitives created: 1
22:31:53 | INFO: Extracting primitive: Canopy panel
22:31:53 | INFO: Primitives created: 1
22:31:53 | INFO: Extracting primitive: Canopy panel.001
22:31:53 | INFO: Primitives created: 1
22:31:53 | INFO: Extracting primitive: Canopy panel.002
22:31:53 | INFO: Primitives created: 1
22:31:53 | INFO: Extracting primitive: Canopy panel.003
22:31:53 | INFO: Primitives created: 1
22:31:53 | INFO: Extracting primitive: Canopy panel.004
22:31:53 | INFO: Primitives created: 1
22:31:53 | INFO: Extracting primitive: Canopy panel.005
22:31:53 | INFO: Primitives created: 1
22:31:53 | INFO: Extracting primitive: Canopy panel.006
22:31:53 | INFO: Primitives created: 1
22:31:53 | INFO: Extracting primitive: Canopy panel.007
22:31:53 | INFO: Primitives created: 1
22:31:53 | INFO: Extracting primitive: Cone.125
22:31:53 | INFO: Primitives created: 1
22:31:53 | INFO: Extracting primitive: Sphere.165
22:31:53 | INFO: Primitives created: 1
22:31:53 | INFO: Extracting primitive: Cone.095
22:31:53 | INFO: Primitives created: 1
22:31:53 | INFO: Extracting primitive: Flag
22:31:53 | INFO: Primitives created: 1
22:31:53 | INFO: Extracting primitive: Torus.006
22:31:53 | INFO: Primitives created: 1
22:31:53 | INFO: Extracting primitive: Cone.096
22:31:53 | INFO: Primitives created: 1
22:31:53 | INFO: Extracting primitive: Cone.097
22:31:53 | INFO: Primitives created: 1
22:31:53 | INFO: Extracting primitive: Sphere.166
22:31:53 | INFO: Primitives created: 1
22:31:53 | INFO: Extracting primitive: Sphere.167
22:31:53 | INFO: Primitives created: 1
22:31:53 | INFO: Extracting primitive: Cube.093
22:31:53 | INFO: Primitives created: 1
22:31:53 | INFO: Extracting primitive: Cube.094
22:31:53 | INFO: Primitives created: 1
22:31:53 | INFO: Extracting primitive: Cube.095
22:31:53 | INFO: Primitives created: 1
22:31:53 | INFO: Extracting primitive: Cube.096
22:31:53 | INFO: Primitives created: 1
22:31:53 | INFO: Extracting primitive: Cube.097
22:31:53 | INFO: Primitives created: 1
22:31:53 | INFO: Extracting primitive: Cube.098
22:31:53 | INFO: Primitives created: 1
22:31:53 | INFO: Extracting primitive: Cube.099
22:31:53 | INFO: Primitives created: 1
22:31:53 | INFO: Extracting primitive: Start title
22:31:53 | INFO: Primitives created: 1
22:31:53 | INFO: Extracting primitive: Cone.098
22:31:53 | INFO: Primitives created: 1
22:31:53 | INFO: Extracting primitive: Cone.099
22:31:53 | INFO: Primitives created: 1
22:31:53 | INFO: Extracting primitive: Ramp
22:31:53 | INFO: Primitives created: 1
22:31:53 | INFO: Extracting primitive: Cube.168
22:31:53 | INFO: Primitives created: 1
22:31:53 | INFO: Extracting primitive: Charge
22:31:53 | INFO: Primitives created: 1
22:31:53 | INFO: Extracting primitive: Torus.010
22:31:53 | INFO: Primitives created: 1
22:31:53 | INFO: Extracting primitive: Cube.169
22:31:53 | INFO: Primitives created: 1
22:31:53 | INFO: Extracting primitive: Arrow
22:31:53 | INFO: Primitives created: 1
22:31:53 | INFO: Extracting primitive: Cone.100
22:31:53 | INFO: Primitives created: 1
22:31:53 | INFO: Extracting primitive: Cone.101
22:31:53 | INFO: Primitives created: 1
22:31:53 | INFO: Extracting primitive: Cube.100
22:31:53 | INFO: Primitives created: 1
22:31:53 | INFO: Extracting primitive: Cube.168
22:31:53 | INFO: Primitives created: 1
22:31:53 | INFO: Extracting primitive: Cube.169
22:31:53 | INFO: Primitives created: 1
22:31:53 | INFO: Extracting primitive: Cube.100
22:31:53 | INFO: Primitives created: 1
22:31:53 | INFO: Extracting primitive: Cube.168
22:31:53 | INFO: Primitives created: 1
22:31:53 | INFO: Extracting primitive: Cube.169
22:31:53 | INFO: Primitives created: 1
22:31:53 | INFO: Extracting primitive: Cube.100
22:31:53 | INFO: Primitives created: 1
22:31:53 | INFO: Extracting primitive: Cube.081
22:31:53 | INFO: Primitives created: 1
22:31:53 | INFO: Extracting primitive: Cube.082
22:31:53 | INFO: Primitives created: 1
22:31:53 | INFO: Extracting primitive: Cube.083
22:31:53 | INFO: Primitives created: 1
22:31:53 | INFO: Extracting primitive: Cube.084
22:31:53 | INFO: Primitives created: 1
22:31:53 | INFO: Extracting primitive: Cube.085
22:31:53 | INFO: Primitives created: 1
22:31:53 | INFO: Extracting primitive: Cube.086
22:31:53 | INFO: Primitives created: 1
22:31:53 | INFO: Extracting primitive: Cube.087
22:31:53 | INFO: Primitives created: 1
22:31:53 | INFO: Extracting primitive: Cube.088
22:31:53 | INFO: Primitives created: 1
22:31:53 | INFO: Extracting primitive: Cube.089
22:31:53 | INFO: Primitives created: 1
22:31:53 | INFO: Extracting primitive: Cube.090
22:31:53 | INFO: Primitives created: 1
22:31:53 | INFO: Extracting primitive: Cube.091
22:31:53 | INFO: Primitives created: 1
22:31:53 | INFO: Extracting primitive: Cube.092
22:31:53 | INFO: Primitives created: 1
22:31:53 | INFO: Extracting primitive: Cone.091
22:31:53 | INFO: Primitives created: 1
22:31:53 | INFO: Extracting primitive: Cone.092
22:31:53 | INFO: Primitives created: 1
22:31:53 | INFO: Extracting primitive: Cone.093
22:31:53 | INFO: Primitives created: 1
22:31:53 | INFO: Extracting primitive: Cone.094
22:31:53 | INFO: Primitives created: 1
22:31:53 | INFO: Extracting primitive: Sphere.176
22:31:53 | INFO: Primitives created: 1
22:31:53 | INFO: Extracting primitive: Cube.166
22:31:53 | INFO: Primitives created: 1
22:31:53 | INFO: Extracting primitive: Cone.124
22:31:53 | INFO: Primitives created: 1
22:31:53 | INFO: Extracting primitive: Cube.167
22:31:53 | INFO: Primitives created: 1
22:31:53 | INFO: Extracting primitive: Cube.031
22:31:53 | INFO: Primitives created: 1
22:31:53 | INFO: Extracting primitive: Cube.032
22:31:53 | INFO: Primitives created: 1
22:31:53 | INFO: Extracting primitive: Cube.033
22:31:53 | INFO: Primitives created: 1
22:31:53 | INFO: Extracting primitive: Cube.034
22:31:53 | INFO: Primitives created: 1
22:31:53 | INFO: Extracting primitive: Cube.035
22:31:53 | INFO: Primitives created: 1
22:31:53 | INFO: Extracting primitive: Cube.036
22:31:53 | INFO: Primitives created: 1
22:31:53 | INFO: Extracting primitive: Cube.037
22:31:53 | INFO: Primitives created: 1
22:31:53 | INFO: Extracting primitive: Cube.039
22:31:53 | INFO: Primitives created: 1
22:31:53 | INFO: Extracting primitive: Cube.040
22:31:53 | INFO: Primitives created: 1
22:31:53 | INFO: Extracting primitive: Cube.041
22:31:53 | INFO: Primitives created: 1
22:31:53 | INFO: Extracting primitive: Cube.042
22:31:53 | INFO: Primitives created: 1
22:31:53 | INFO: Extracting primitive: Cube.043
22:31:53 | INFO: Primitives created: 1
22:31:53 | INFO: Extracting primitive: Cube.044
22:31:53 | INFO: Primitives created: 1
22:31:53 | INFO: Extracting primitive: Cube.045
22:31:53 | INFO: Primitives created: 1
22:31:53 | INFO: Extracting primitive: Cube.030
22:31:53 | INFO: Primitives created: 1
22:31:53 | INFO: Extracting primitive: Cube.038
22:31:53 | INFO: Primitives created: 1
22:31:53 | INFO: Extracting primitive: Sphere.152
22:31:53 | INFO: Primitives created: 1
22:31:53 | INFO: Extracting primitive: Cone.068
22:31:53 | INFO: Primitives created: 1
22:31:53 | INFO: Extracting primitive: Cone.069
22:31:53 | INFO: Primitives created: 1
22:31:53 | INFO: Extracting primitive: Cone.067
22:31:53 | INFO: Primitives created: 1
22:31:53 | INFO: Extracting primitive: Hull badge
22:31:53 | INFO: Primitives created: 1
22:31:53 | INFO: Extracting primitive: Sphere.153
22:31:53 | INFO: Primitives created: 1
22:31:53 | INFO: Extracting primitive: Torus.003
22:31:53 | INFO: Primitives created: 1
22:31:53 | INFO: Extracting primitive: Sphere.150
22:31:53 | INFO: Primitives created: 1
22:31:53 | INFO: Extracting primitive: Cube.046
22:31:53 | INFO: Primitives created: 1
22:31:53 | INFO: Extracting primitive: Sphere.151
22:31:53 | INFO: Primitives created: 1
22:31:53 | INFO: Extracting primitive: Mesh
22:31:53 | INFO: Primitives created: 1
22:31:53 | INFO: Extracting primitive: Cone.070
22:31:53 | INFO: Primitives created: 1
22:31:53 | INFO: Extracting primitive: Cone.071
22:31:53 | INFO: Primitives created: 1
22:31:53 | INFO: Extracting primitive: Cone.066
22:31:53 | INFO: Primitives created: 1
22:31:53 | INFO: Extracting primitive: Cube.048
22:31:53 | INFO: Primitives created: 1
22:31:53 | INFO: Extracting primitive: Cube.049
22:31:53 | INFO: Primitives created: 1
22:31:53 | INFO: Extracting primitive: Cube.050
22:31:53 | INFO: Primitives created: 1
22:31:53 | INFO: Extracting primitive: Cube.051
22:31:53 | INFO: Primitives created: 1
22:31:53 | INFO: Extracting primitive: Cube.052
22:31:53 | INFO: Primitives created: 1
22:31:53 | INFO: Extracting primitive: Cube.053
22:31:53 | INFO: Primitives created: 1
22:31:53 | INFO: Extracting primitive: Cube.054
22:31:53 | INFO: Primitives created: 1
22:31:53 | INFO: Extracting primitive: Cube.056
22:31:53 | INFO: Primitives created: 1
22:31:53 | INFO: Extracting primitive: Cube.057
22:31:53 | INFO: Primitives created: 1
22:31:53 | INFO: Extracting primitive: Cube.058
22:31:53 | INFO: Primitives created: 1
22:31:53 | INFO: Extracting primitive: Cube.059
22:31:53 | INFO: Primitives created: 1
22:31:53 | INFO: Extracting primitive: Cube.060
22:31:53 | INFO: Primitives created: 1
22:31:53 | INFO: Extracting primitive: Cube.061
22:31:53 | INFO: Primitives created: 1
22:31:53 | INFO: Extracting primitive: Cube.062
22:31:53 | INFO: Primitives created: 1
22:31:53 | INFO: Extracting primitive: Cube.047
22:31:53 | INFO: Primitives created: 1
22:31:53 | INFO: Extracting primitive: Cube.055
22:31:53 | INFO: Primitives created: 1
22:31:53 | INFO: Extracting primitive: Sphere.156
22:31:53 | INFO: Primitives created: 1
22:31:53 | INFO: Extracting primitive: Cone.074
22:31:53 | INFO: Primitives created: 1
22:31:53 | INFO: Extracting primitive: Cone.075
22:31:53 | INFO: Primitives created: 1
22:31:53 | INFO: Extracting primitive: Cone.073
22:31:53 | INFO: Primitives created: 1
22:31:53 | INFO: Extracting primitive: Hull badge.001
22:31:53 | INFO: Primitives created: 1
22:31:53 | INFO: Extracting primitive: Sphere.157
22:31:53 | INFO: Primitives created: 1
22:31:53 | INFO: Extracting primitive: Torus.004
22:31:53 | INFO: Primitives created: 1
22:31:53 | INFO: Extracting primitive: Sphere.154
22:31:53 | INFO: Primitives created: 1
22:31:53 | INFO: Extracting primitive: Cube.063
22:31:53 | INFO: Primitives created: 1
22:31:53 | INFO: Extracting primitive: Sphere.155
22:31:53 | INFO: Primitives created: 1
22:31:53 | INFO: Extracting primitive: Mesh
22:31:53 | INFO: Primitives created: 1
22:31:53 | INFO: Extracting primitive: Cone.076
22:31:53 | INFO: Primitives created: 1
22:31:53 | INFO: Extracting primitive: Cone.077
22:31:53 | INFO: Primitives created: 1
22:31:53 | INFO: Extracting primitive: Cone.072
22:31:53 | INFO: Primitives created: 1
22:31:53 | INFO: Extracting primitive: Cube.065
22:31:53 | INFO: Primitives created: 1
22:31:53 | INFO: Extracting primitive: Cube.066
22:31:53 | INFO: Primitives created: 1
22:31:53 | INFO: Extracting primitive: Cube.067
22:31:53 | INFO: Primitives created: 1
22:31:53 | INFO: Extracting primitive: Cube.068
22:31:53 | INFO: Primitives created: 1
22:31:53 | INFO: Extracting primitive: Cube.069
22:31:53 | INFO: Primitives created: 1
22:31:53 | INFO: Extracting primitive: Cube.070
22:31:53 | INFO: Primitives created: 1
22:31:53 | INFO: Extracting primitive: Cube.071
22:31:53 | INFO: Primitives created: 1
22:31:53 | INFO: Extracting primitive: Cube.073
22:31:53 | INFO: Primitives created: 1
22:31:53 | INFO: Extracting primitive: Cube.074
22:31:53 | INFO: Primitives created: 1
22:31:53 | INFO: Extracting primitive: Cube.075
22:31:53 | INFO: Primitives created: 1
22:31:53 | INFO: Extracting primitive: Cube.076
22:31:53 | INFO: Primitives created: 1
22:31:53 | INFO: Extracting primitive: Cube.077
22:31:53 | INFO: Primitives created: 1
22:31:53 | INFO: Extracting primitive: Cube.078
22:31:53 | INFO: Primitives created: 1
22:31:53 | INFO: Extracting primitive: Cube.079
22:31:53 | INFO: Primitives created: 1
22:31:53 | INFO: Extracting primitive: Cube.064
22:31:53 | INFO: Primitives created: 1
22:31:53 | INFO: Extracting primitive: Cube.072
22:31:53 | INFO: Primitives created: 1
22:31:53 | INFO: Extracting primitive: Sphere.160
22:31:53 | INFO: Primitives created: 1
22:31:53 | INFO: Extracting primitive: Cone.080
22:31:53 | INFO: Primitives created: 1
22:31:53 | INFO: Extracting primitive: Cone.081
22:31:53 | INFO: Primitives created: 1
22:31:53 | INFO: Extracting primitive: Cone.079
22:31:53 | INFO: Primitives created: 1
22:31:53 | INFO: Extracting primitive: Hull badge.002
22:31:53 | INFO: Primitives created: 1
22:31:53 | INFO: Extracting primitive: Sphere.161
22:31:53 | INFO: Primitives created: 1
22:31:53 | INFO: Extracting primitive: Torus.005
22:31:53 | INFO: Primitives created: 1
22:31:53 | INFO: Extracting primitive: Sphere.158
22:31:53 | INFO: Primitives created: 1
22:31:53 | INFO: Extracting primitive: Cube.080
22:31:53 | INFO: Primitives created: 1
22:31:53 | INFO: Extracting primitive: Sphere.159
22:31:53 | INFO: Primitives created: 1
22:31:54 | INFO: Extracting primitive: Mesh
22:31:54 | INFO: Primitives created: 1
22:31:54 | INFO: Extracting primitive: Cone.082
22:31:54 | INFO: Primitives created: 1
22:31:54 | INFO: Extracting primitive: Cone.083
22:31:54 | INFO: Primitives created: 1
22:31:54 | INFO: Extracting primitive: Cone.078
22:31:54 | INFO: Primitives created: 1
22:31:54 | INFO: Finished glTF 2.0 export in 1.3379170894622803 s

22:31:54 | INFO: Starting glTF 2.0 export
22:31:54 | INFO: Extracting primitive: Mesh
22:31:54 | INFO: Primitives created: 0
22:31:54 | WARNING: Mesh 'Mesh' has no primitives and will be omitted.
22:31:54 | INFO: Extracting primitive: Sphere.184
22:31:54 | INFO: Primitives created: 1
22:31:54 | INFO: Extracting primitive: Plane.001
22:31:54 | INFO: Primitives created: 1
22:31:54 | INFO: Extracting primitive: Cube.136
22:31:54 | INFO: Primitives created: 1
22:31:54 | INFO: Extracting primitive: Cube.137
22:31:54 | INFO: Primitives created: 1
22:31:54 | INFO: Extracting primitive: Cube.138
22:31:54 | INFO: Primitives created: 1
22:31:54 | INFO: Extracting primitive: Cube.139
22:31:54 | INFO: Primitives created: 1
22:31:54 | INFO: Extracting primitive: Cube.140
22:31:54 | INFO: Primitives created: 1
22:31:54 | INFO: Extracting primitive: Cube.141
22:31:54 | INFO: Primitives created: 1
22:31:54 | INFO: Extracting primitive: Cube.142
22:31:54 | INFO: Primitives created: 1
22:31:54 | INFO: Extracting primitive: Cube.143
22:31:54 | INFO: Primitives created: 1
22:31:54 | INFO: Extracting primitive: Cube.144
22:31:54 | INFO: Primitives created: 1
22:31:54 | INFO: Extracting primitive: Cube.145
22:31:54 | INFO: Primitives created: 1
22:31:54 | INFO: Extracting primitive: Cube.146
22:31:54 | INFO: Primitives created: 1
22:31:54 | INFO: Extracting primitive: Cube.147
22:31:54 | INFO: Primitives created: 1
22:31:54 | INFO: Extracting primitive: Cube.148
22:31:54 | INFO: Primitives created: 1
22:31:54 | INFO: Extracting primitive: Cube.149
22:31:54 | INFO: Primitives created: 1
22:31:54 | INFO: Extracting primitive: Cube.150
22:31:54 | INFO: Primitives created: 1
22:31:54 | INFO: Extracting primitive: Cube.151
22:31:54 | INFO: Primitives created: 1
22:31:54 | INFO: Extracting primitive: Neon sign
22:31:54 | INFO: Primitives created: 1
22:31:54 | INFO: Extracting primitive: Cube.136
22:31:54 | INFO: Primitives created: 1
22:31:54 | INFO: Extracting primitive: Cube.137
22:31:54 | INFO: Primitives created: 1
22:31:54 | INFO: Extracting primitive: Cube.138
22:31:54 | INFO: Primitives created: 1
22:31:54 | INFO: Extracting primitive: Cube.139
22:31:54 | INFO: Primitives created: 1
22:31:54 | INFO: Extracting primitive: Cube.140
22:31:54 | INFO: Primitives created: 1
22:31:54 | INFO: Extracting primitive: Cube.141
22:31:54 | INFO: Primitives created: 1
22:31:54 | INFO: Extracting primitive: Cube.142
22:31:54 | INFO: Primitives created: 1
22:31:54 | INFO: Extracting primitive: Cube.143
22:31:54 | INFO: Primitives created: 1
22:31:54 | INFO: Extracting primitive: Cube.144
22:31:54 | INFO: Primitives created: 1
22:31:54 | INFO: Extracting primitive: Cube.145
22:31:54 | INFO: Primitives created: 1
22:31:54 | INFO: Extracting primitive: Cube.146
22:31:54 | INFO: Primitives created: 1
22:31:54 | INFO: Extracting primitive: Cube.147
22:31:54 | INFO: Primitives created: 1
22:31:54 | INFO: Extracting primitive: Cube.148
22:31:54 | INFO: Primitives created: 1
22:31:54 | INFO: Extracting primitive: Cube.149
22:31:54 | INFO: Primitives created: 1
22:31:54 | INFO: Extracting primitive: Cube.150
22:31:54 | INFO: Primitives created: 1
22:31:54 | INFO: Extracting primitive: Cube.151
22:31:54 | INFO: Primitives created: 1
22:31:54 | INFO: Extracting primitive: Cube.136
22:31:54 | INFO: Primitives created: 1
22:31:54 | INFO: Extracting primitive: Cube.137
22:31:54 | INFO: Primitives created: 1
22:31:54 | INFO: Extracting primitive: Cube.138
22:31:54 | INFO: Primitives created: 1
22:31:54 | INFO: Extracting primitive: Cube.139
22:31:54 | INFO: Primitives created: 1
22:31:54 | INFO: Extracting primitive: Cube.140
22:31:54 | INFO: Primitives created: 1
22:31:54 | INFO: Extracting primitive: Cube.141
22:31:54 | INFO: Primitives created: 1
22:31:54 | INFO: Extracting primitive: Cube.142
22:31:54 | INFO: Primitives created: 1
22:31:54 | INFO: Extracting primitive: Cube.143
22:31:54 | INFO: Primitives created: 1
22:31:54 | INFO: Extracting primitive: Cube.144
22:31:54 | INFO: Primitives created: 1
22:31:54 | INFO: Extracting primitive: Cube.145
22:31:54 | INFO: Primitives created: 1
22:31:54 | INFO: Extracting primitive: Cube.146
22:31:54 | INFO: Primitives created: 1
22:31:54 | INFO: Extracting primitive: Cube.147
22:31:54 | INFO: Primitives created: 1
22:31:54 | INFO: Extracting primitive: Cube.148
22:31:55 | INFO: Primitives created: 1
22:31:55 | INFO: Extracting primitive: Cube.149
22:31:55 | INFO: Primitives created: 1
22:31:55 | INFO: Extracting primitive: Cube.150
22:31:55 | INFO: Primitives created: 1
22:31:55 | INFO: Extracting primitive: Cube.151
22:31:55 | INFO: Primitives created: 1
22:31:55 | INFO: Extracting primitive: Cube.136
22:31:55 | INFO: Primitives created: 1
22:31:55 | INFO: Extracting primitive: Cube.137
22:31:55 | INFO: Primitives created: 1
22:31:55 | INFO: Extracting primitive: Cube.138
22:31:55 | INFO: Primitives created: 1
22:31:55 | INFO: Extracting primitive: Cube.139
22:31:55 | INFO: Primitives created: 1
22:31:55 | INFO: Extracting primitive: Cube.140
22:31:55 | INFO: Primitives created: 1
22:31:55 | INFO: Extracting primitive: Cube.141
22:31:55 | INFO: Primitives created: 1
22:31:55 | INFO: Extracting primitive: Cube.142
22:31:55 | INFO: Primitives created: 1
22:31:55 | INFO: Extracting primitive: Cube.143
22:31:55 | INFO: Primitives created: 1
22:31:55 | INFO: Extracting primitive: Cube.144
22:31:55 | INFO: Primitives created: 1
22:31:55 | INFO: Extracting primitive: Cube.145
22:31:55 | INFO: Primitives created: 1
22:31:55 | INFO: Extracting primitive: Cube.146
22:31:55 | INFO: Primitives created: 1
22:31:55 | INFO: Extracting primitive: Cube.147
22:31:55 | INFO: Primitives created: 1
22:31:55 | INFO: Extracting primitive: Cube.148
22:31:55 | INFO: Primitives created: 1
22:31:55 | INFO: Extracting primitive: Cube.149
22:31:55 | INFO: Primitives created: 1
22:31:55 | INFO: Extracting primitive: Cube.150
22:31:55 | INFO: Primitives created: 1
22:31:55 | INFO: Extracting primitive: Cube.151
22:31:55 | INFO: Primitives created: 1
22:31:55 | INFO: Extracting primitive: Cube.136
22:31:55 | INFO: Primitives created: 1
22:31:55 | INFO: Extracting primitive: Cube.137
22:31:55 | INFO: Primitives created: 1
22:31:55 | INFO: Extracting primitive: Cube.138
22:31:55 | INFO: Primitives created: 1
22:31:55 | INFO: Extracting primitive: Cube.139
22:31:55 | INFO: Primitives created: 1
22:31:55 | INFO: Extracting primitive: Cube.140
22:31:55 | INFO: Primitives created: 1
22:31:55 | INFO: Extracting primitive: Cube.141
22:31:55 | INFO: Primitives created: 1
22:31:55 | INFO: Extracting primitive: Cube.142
22:31:55 | INFO: Primitives created: 1
22:31:55 | INFO: Extracting primitive: Cube.143
22:31:55 | INFO: Primitives created: 1
22:31:55 | INFO: Extracting primitive: Cube.144
22:31:55 | INFO: Primitives created: 1
22:31:55 | INFO: Extracting primitive: Cube.145
22:31:55 | INFO: Primitives created: 1
22:31:55 | INFO: Extracting primitive: Cube.146
22:31:55 | INFO: Primitives created: 1
22:31:55 | INFO: Extracting primitive: Cube.147
22:31:55 | INFO: Primitives created: 1
22:31:55 | INFO: Extracting primitive: Cube.148
22:31:55 | INFO: Primitives created: 1
22:31:55 | INFO: Extracting primitive: Cube.149
22:31:55 | INFO: Primitives created: 1
22:31:55 | INFO: Extracting primitive: Cube.150
22:31:55 | INFO: Primitives created: 1
22:31:55 | INFO: Extracting primitive: Cube.151
22:31:55 | INFO: Primitives created: 1
22:31:55 | INFO: Extracting primitive: Cube.136
22:31:55 | INFO: Primitives created: 1
22:31:55 | INFO: Extracting primitive: Cube.137
22:31:55 | INFO: Primitives created: 1
22:31:55 | INFO: Extracting primitive: Cube.138
22:31:55 | INFO: Primitives created: 1
22:31:55 | INFO: Extracting primitive: Cube.139
22:31:55 | INFO: Primitives created: 1
22:31:55 | INFO: Extracting primitive: Cube.140
22:31:55 | INFO: Primitives created: 1
22:31:55 | INFO: Extracting primitive: Cube.141
22:31:55 | INFO: Primitives created: 1
22:31:55 | INFO: Extracting primitive: Cube.142
22:31:55 | INFO: Primitives created: 1
22:31:55 | INFO: Extracting primitive: Cube.143
22:31:55 | INFO: Primitives created: 1
22:31:55 | INFO: Extracting primitive: Cube.144
22:31:55 | INFO: Primitives created: 1
22:31:55 | INFO: Extracting primitive: Cube.145
22:31:55 | INFO: Primitives created: 1
22:31:55 | INFO: Extracting primitive: Cube.146
22:31:55 | INFO: Primitives created: 1
22:31:55 | INFO: Extracting primitive: Cube.147
22:31:55 | INFO: Primitives created: 1
22:31:55 | INFO: Extracting primitive: Cube.148
22:31:55 | INFO: Primitives created: 1
22:31:55 | INFO: Extracting primitive: Cube.149
22:31:55 | INFO: Primitives created: 1
22:31:55 | INFO: Extracting primitive: Cube.150
22:31:55 | INFO: Primitives created: 1
22:31:55 | INFO: Extracting primitive: Cube.151
22:31:55 | INFO: Primitives created: 1
22:31:55 | INFO: Extracting primitive: Cube.136
22:31:55 | INFO: Primitives created: 1
22:31:55 | INFO: Extracting primitive: Cube.137
22:31:55 | INFO: Primitives created: 1
22:31:55 | INFO: Extracting primitive: Cube.138
22:31:55 | INFO: Primitives created: 1
22:31:55 | INFO: Extracting primitive: Cube.139
22:31:55 | INFO: Primitives created: 1
22:31:55 | INFO: Extracting primitive: Cube.140
22:31:55 | INFO: Primitives created: 1
22:31:55 | INFO: Extracting primitive: Cube.141
22:31:55 | INFO: Primitives created: 1
22:31:55 | INFO: Extracting primitive: Cube.142
22:31:55 | INFO: Primitives created: 1
22:31:55 | INFO: Extracting primitive: Cube.143
22:31:55 | INFO: Primitives created: 1
22:31:55 | INFO: Extracting primitive: Cube.144
22:31:55 | INFO: Primitives created: 1
22:31:55 | INFO: Extracting primitive: Cube.145
22:31:55 | INFO: Primitives created: 1
22:31:55 | INFO: Extracting primitive: Cube.146
22:31:55 | INFO: Primitives created: 1
22:31:55 | INFO: Extracting primitive: Cube.147
22:31:55 | INFO: Primitives created: 1
22:31:55 | INFO: Extracting primitive: Cube.148
22:31:55 | INFO: Primitives created: 1
22:31:55 | INFO: Extracting primitive: Cube.149
22:31:55 | INFO: Primitives created: 1
22:31:55 | INFO: Extracting primitive: Cube.150
22:31:55 | INFO: Primitives created: 1
22:31:55 | INFO: Extracting primitive: Cube.151
22:31:55 | INFO: Primitives created: 1
22:31:55 | INFO: Extracting primitive: Cube.136
22:31:55 | INFO: Primitives created: 1
22:31:55 | INFO: Extracting primitive: Cube.137
22:31:55 | INFO: Primitives created: 1
22:31:55 | INFO: Extracting primitive: Cube.138
22:31:55 | INFO: Primitives created: 1
22:31:55 | INFO: Extracting primitive: Cube.139
22:31:55 | INFO: Primitives created: 1
22:31:55 | INFO: Extracting primitive: Cube.140
22:31:55 | INFO: Primitives created: 1
22:31:55 | INFO: Extracting primitive: Cube.141
22:31:55 | INFO: Primitives created: 1
22:31:55 | INFO: Extracting primitive: Cube.142
22:31:55 | INFO: Primitives created: 1
22:31:55 | INFO: Extracting primitive: Cube.143
22:31:55 | INFO: Primitives created: 1
22:31:55 | INFO: Extracting primitive: Cube.144
22:31:55 | INFO: Primitives created: 1
22:31:55 | INFO: Extracting primitive: Cube.145
22:31:55 | INFO: Primitives created: 1
22:31:55 | INFO: Extracting primitive: Cube.146
22:31:55 | INFO: Primitives created: 1
22:31:55 | INFO: Extracting primitive: Cube.147
22:31:55 | INFO: Primitives created: 1
22:31:55 | INFO: Extracting primitive: Cube.148
22:31:55 | INFO: Primitives created: 1
22:31:55 | INFO: Extracting primitive: Cube.149
22:31:55 | INFO: Primitives created: 1
22:31:55 | INFO: Extracting primitive: Cube.150
22:31:55 | INFO: Primitives created: 1
22:31:55 | INFO: Extracting primitive: Cube.151
22:31:55 | INFO: Primitives created: 1
22:31:55 | INFO: Extracting primitive: Cube.136
22:31:55 | INFO: Primitives created: 1
22:31:55 | INFO: Extracting primitive: Cube.137
22:31:55 | INFO: Primitives created: 1
22:31:55 | INFO: Extracting primitive: Cube.138
22:31:55 | INFO: Primitives created: 1
22:31:55 | INFO: Extracting primitive: Cube.139
22:31:55 | INFO: Primitives created: 1
22:31:55 | INFO: Extracting primitive: Cube.140
22:31:55 | INFO: Primitives created: 1
22:31:55 | INFO: Extracting primitive: Cube.141
22:31:55 | INFO: Primitives created: 1
22:31:55 | INFO: Extracting primitive: Cube.142
22:31:55 | INFO: Primitives created: 1
22:31:55 | INFO: Extracting primitive: Cube.143
22:31:55 | INFO: Primitives created: 1
22:31:55 | INFO: Extracting primitive: Cube.144
22:31:55 | INFO: Primitives created: 1
22:31:55 | INFO: Extracting primitive: Cube.145
22:31:55 | INFO: Primitives created: 1
22:31:55 | INFO: Extracting primitive: Cube.146
22:31:55 | INFO: Primitives created: 1
22:31:55 | INFO: Extracting primitive: Cube.147
22:31:55 | INFO: Primitives created: 1
22:31:55 | INFO: Extracting primitive: Cube.148
22:31:55 | INFO: Primitives created: 1
22:31:55 | INFO: Extracting primitive: Cube.149
22:31:55 | INFO: Primitives created: 1
22:31:55 | INFO: Extracting primitive: Cube.150
22:31:55 | INFO: Primitives created: 1
22:31:55 | INFO: Extracting primitive: Cube.151
22:31:55 | INFO: Primitives created: 1
22:31:55 | INFO: Extracting primitive: Cube.136
22:31:55 | INFO: Primitives created: 1
22:31:55 | INFO: Extracting primitive: Cube.137
22:31:55 | INFO: Primitives created: 1
22:31:55 | INFO: Extracting primitive: Cube.138
22:31:55 | INFO: Primitives created: 1
22:31:55 | INFO: Extracting primitive: Cube.139
22:31:55 | INFO: Primitives created: 1
22:31:55 | INFO: Extracting primitive: Cube.140
22:31:55 | INFO: Primitives created: 1
22:31:55 | INFO: Extracting primitive: Cube.141
22:31:55 | INFO: Primitives created: 1
22:31:55 | INFO: Extracting primitive: Cube.142
22:31:55 | INFO: Primitives created: 1
22:31:55 | INFO: Extracting primitive: Cube.143
22:31:55 | INFO: Primitives created: 1
22:31:55 | INFO: Extracting primitive: Cube.144
22:31:55 | INFO: Primitives created: 1
22:31:55 | INFO: Extracting primitive: Cube.145
22:31:55 | INFO: Primitives created: 1
22:31:55 | INFO: Extracting primitive: Cube.146
22:31:55 | INFO: Primitives created: 1
22:31:55 | INFO: Extracting primitive: Cube.147
22:31:55 | INFO: Primitives created: 1
22:31:55 | INFO: Extracting primitive: Cube.148
22:31:55 | INFO: Primitives created: 1
22:31:55 | INFO: Extracting primitive: Cube.149
22:31:55 | INFO: Primitives created: 1
22:31:55 | INFO: Extracting primitive: Cube.150
22:31:55 | INFO: Primitives created: 1
22:31:55 | INFO: Extracting primitive: Cube.151
22:31:55 | INFO: Primitives created: 1
22:31:55 | INFO: Extracting primitive: Cube.136
22:31:55 | INFO: Primitives created: 1
22:31:55 | INFO: Extracting primitive: Cube.137
22:31:55 | INFO: Primitives created: 1
22:31:55 | INFO: Extracting primitive: Cube.138
22:31:55 | INFO: Primitives created: 1
22:31:55 | INFO: Extracting primitive: Cube.139
22:31:55 | INFO: Primitives created: 1
22:31:55 | INFO: Extracting primitive: Cube.140
22:31:55 | INFO: Primitives created: 1
22:31:55 | INFO: Extracting primitive: Cube.141
22:31:55 | INFO: Primitives created: 1
22:31:55 | INFO: Extracting primitive: Cube.142
22:31:55 | INFO: Primitives created: 1
22:31:55 | INFO: Extracting primitive: Cube.143
22:31:55 | INFO: Primitives created: 1
22:31:55 | INFO: Extracting primitive: Cube.144
22:31:55 | INFO: Primitives created: 1
22:31:55 | INFO: Extracting primitive: Cube.145
22:31:55 | INFO: Primitives created: 1
22:31:55 | INFO: Extracting primitive: Cube.146
22:31:55 | INFO: Primitives created: 1
22:31:55 | INFO: Extracting primitive: Cube.147
22:31:55 | INFO: Primitives created: 1
22:31:55 | INFO: Extracting primitive: Cube.148
22:31:55 | INFO: Primitives created: 1
22:31:55 | INFO: Extracting primitive: Cube.149
22:31:55 | INFO: Primitives created: 1
22:31:55 | INFO: Extracting primitive: Cube.150
22:31:55 | INFO: Primitives created: 1
22:31:55 | INFO: Extracting primitive: Cube.151
22:31:55 | INFO: Primitives created: 1
22:31:55 | INFO: Extracting primitive: Cube.136
22:31:55 | INFO: Primitives created: 1
22:31:55 | INFO: Extracting primitive: Cube.137
22:31:55 | INFO: Primitives created: 1
22:31:55 | INFO: Extracting primitive: Cube.138
22:31:55 | INFO: Primitives created: 1
22:31:55 | INFO: Extracting primitive: Cube.139
22:31:55 | INFO: Primitives created: 1
22:31:55 | INFO: Extracting primitive: Cube.140
22:31:55 | INFO: Primitives created: 1
22:31:55 | INFO: Extracting primitive: Cube.141
22:31:55 | INFO: Primitives created: 1
22:31:55 | INFO: Extracting primitive: Cube.142
22:31:55 | INFO: Primitives created: 1
22:31:55 | INFO: Extracting primitive: Cube.143
22:31:55 | INFO: Primitives created: 1
22:31:55 | INFO: Extracting primitive: Cube.144
22:31:55 | INFO: Primitives created: 1
22:31:55 | INFO: Extracting primitive: Cube.145
22:31:55 | INFO: Primitives created: 1
22:31:55 | INFO: Extracting primitive: Cube.146
22:31:55 | INFO: Primitives created: 1
22:31:55 | INFO: Extracting primitive: Cube.147
22:31:55 | INFO: Primitives created: 1
22:31:55 | INFO: Extracting primitive: Cube.148
22:31:55 | INFO: Primitives created: 1
22:31:55 | INFO: Extracting primitive: Cube.149
22:31:55 | INFO: Primitives created: 1
22:31:55 | INFO: Extracting primitive: Cube.150
22:31:55 | INFO: Primitives created: 1
22:31:55 | INFO: Extracting primitive: Cube.151
22:31:55 | INFO: Primitives created: 1
22:31:55 | INFO: Extracting primitive: Cargo label
22:31:55 | INFO: Primitives created: 1
22:31:55 | INFO: Extracting primitive: Cube.101
22:31:55 | INFO: Primitives created: 1
22:31:55 | INFO: Extracting primitive: Cube.102
22:31:55 | INFO: Primitives created: 1
22:31:55 | INFO: Extracting primitive: Cube.103
22:31:55 | INFO: Primitives created: 1
22:31:55 | INFO: Extracting primitive: Cube.104
22:31:55 | INFO: Primitives created: 1
22:31:55 | INFO: Extracting primitive: Cube.105
22:31:55 | INFO: Primitives created: 1
22:31:55 | INFO: Extracting primitive: Cube.106
22:31:55 | INFO: Primitives created: 1
22:31:55 | INFO: Extracting primitive: Cube.107
22:31:55 | INFO: Primitives created: 1
22:31:55 | INFO: Extracting primitive: Cube.108
22:31:55 | INFO: Primitives created: 1
22:31:55 | INFO: Extracting primitive: Cube.109
22:31:55 | INFO: Primitives created: 1
22:31:55 | INFO: Extracting primitive: Cube.110
22:31:55 | INFO: Primitives created: 1
22:31:55 | INFO: Extracting primitive: Cube.111
22:31:55 | INFO: Primitives created: 1
22:31:55 | INFO: Extracting primitive: Cube.112
22:31:55 | INFO: Primitives created: 1
22:31:55 | INFO: Extracting primitive: Cube.113
22:31:55 | INFO: Primitives created: 1
22:31:55 | INFO: Extracting primitive: Cube.114
22:31:55 | INFO: Primitives created: 1
22:31:55 | INFO: Extracting primitive: Cube.115
22:31:55 | INFO: Primitives created: 1
22:31:55 | INFO: Extracting primitive: Cube.116
22:31:55 | INFO: Primitives created: 1
22:31:55 | INFO: Extracting primitive: Cube.117
22:31:55 | INFO: Primitives created: 1
22:31:55 | INFO: Extracting primitive: Cube.118
22:31:55 | INFO: Primitives created: 1
22:31:55 | INFO: Extracting primitive: Cube.119
22:31:55 | INFO: Primitives created: 1
22:31:55 | INFO: Extracting primitive: Cube.120
22:31:55 | INFO: Primitives created: 1
22:31:55 | INFO: Extracting primitive: Cube.121
22:31:55 | INFO: Primitives created: 1
22:31:55 | INFO: Extracting primitive: Cube.122
22:31:55 | INFO: Primitives created: 1
22:31:55 | INFO: Extracting primitive: Cube.123
22:31:55 | INFO: Primitives created: 1
22:31:55 | INFO: Extracting primitive: Cube.124
22:31:55 | INFO: Primitives created: 1
22:31:55 | INFO: Extracting primitive: Cube.125
22:31:55 | INFO: Primitives created: 1
22:31:55 | INFO: Extracting primitive: Cube.126
22:31:55 | INFO: Primitives created: 1
22:31:55 | INFO: Extracting primitive: Cube.127
22:31:55 | INFO: Primitives created: 1
22:31:55 | INFO: Extracting primitive: Cube.128
22:31:55 | INFO: Primitives created: 1
22:31:55 | INFO: Extracting primitive: Cube.129
22:31:55 | INFO: Primitives created: 1
22:31:55 | INFO: Extracting primitive: Cube.130
22:31:55 | INFO: Primitives created: 1
22:31:55 | INFO: Extracting primitive: Cube.131
22:31:55 | INFO: Primitives created: 1
22:31:55 | INFO: Extracting primitive: Cube.132
22:31:55 | INFO: Primitives created: 1
22:31:55 | INFO: Extracting primitive: Cube.133
22:31:55 | INFO: Primitives created: 1
22:31:55 | INFO: Extracting primitive: Cube.134
22:31:55 | INFO: Primitives created: 1
22:31:55 | INFO: Extracting primitive: Cube.135
22:31:55 | INFO: Primitives created: 1
22:31:55 | INFO: Extracting primitive: Cube.101
22:31:55 | INFO: Primitives created: 1
22:31:55 | INFO: Extracting primitive: Cube.102
22:31:55 | INFO: Primitives created: 1
22:31:55 | INFO: Extracting primitive: Cube.103
22:31:55 | INFO: Primitives created: 1
22:31:55 | INFO: Extracting primitive: Cube.104
22:31:55 | INFO: Primitives created: 1
22:31:55 | INFO: Extracting primitive: Cube.105
22:31:55 | INFO: Primitives created: 1
22:31:55 | INFO: Extracting primitive: Cube.106
22:31:55 | INFO: Primitives created: 1
22:31:55 | INFO: Extracting primitive: Cube.107
22:31:55 | INFO: Primitives created: 1
22:31:55 | INFO: Extracting primitive: Cube.108
22:31:55 | INFO: Primitives created: 1
22:31:55 | INFO: Extracting primitive: Cube.109
22:31:55 | INFO: Primitives created: 1
22:31:55 | INFO: Extracting primitive: Cube.110
22:31:55 | INFO: Primitives created: 1
22:31:55 | INFO: Extracting primitive: Cube.111
22:31:55 | INFO: Primitives created: 1
22:31:55 | INFO: Extracting primitive: Cube.112
22:31:55 | INFO: Primitives created: 1
22:31:55 | INFO: Extracting primitive: Cube.113
22:31:55 | INFO: Primitives created: 1
22:31:55 | INFO: Extracting primitive: Cube.114
22:31:55 | INFO: Primitives created: 1
22:31:55 | INFO: Extracting primitive: Cube.115
22:31:55 | INFO: Primitives created: 1
22:31:55 | INFO: Extracting primitive: Cube.116
22:31:55 | INFO: Primitives created: 1
22:31:55 | INFO: Extracting primitive: Cube.117
22:31:55 | INFO: Primitives created: 1
22:31:55 | INFO: Extracting primitive: Cube.118
22:31:55 | INFO: Primitives created: 1
22:31:55 | INFO: Extracting primitive: Cube.119
22:31:55 | INFO: Primitives created: 1
22:31:55 | INFO: Extracting primitive: Cube.120
22:31:55 | INFO: Primitives created: 1
22:31:55 | INFO: Extracting primitive: Cube.121
22:31:56 | INFO: Primitives created: 1
22:31:56 | INFO: Extracting primitive: Cube.122
22:31:56 | INFO: Primitives created: 1
22:31:56 | INFO: Extracting primitive: Cube.123
22:31:56 | INFO: Primitives created: 1
22:31:56 | INFO: Extracting primitive: Cube.124
22:31:56 | INFO: Primitives created: 1
22:31:56 | INFO: Extracting primitive: Cube.125
22:31:56 | INFO: Primitives created: 1
22:31:56 | INFO: Extracting primitive: Cube.126
22:31:56 | INFO: Primitives created: 1
22:31:56 | INFO: Extracting primitive: Cube.127
22:31:56 | INFO: Primitives created: 1
22:31:56 | INFO: Extracting primitive: Cube.128
22:31:56 | INFO: Primitives created: 1
22:31:56 | INFO: Extracting primitive: Cube.129
22:31:56 | INFO: Primitives created: 1
22:31:56 | INFO: Extracting primitive: Cube.130
22:31:56 | INFO: Primitives created: 1
22:31:56 | INFO: Extracting primitive: Cube.131
22:31:56 | INFO: Primitives created: 1
22:31:56 | INFO: Extracting primitive: Cube.132
22:31:56 | INFO: Primitives created: 1
22:31:56 | INFO: Extracting primitive: Cube.133
22:31:56 | INFO: Primitives created: 1
22:31:56 | INFO: Extracting primitive: Cube.134
22:31:56 | INFO: Primitives created: 1
22:31:56 | INFO: Extracting primitive: Cube.135
22:31:56 | INFO: Primitives created: 1
22:31:56 | INFO: Extracting primitive: Cube.101
22:31:56 | INFO: Primitives created: 1
22:31:56 | INFO: Extracting primitive: Cube.102
22:31:56 | INFO: Primitives created: 1
22:31:56 | INFO: Extracting primitive: Cube.103
22:31:56 | INFO: Primitives created: 1
22:31:56 | INFO: Extracting primitive: Cube.104
22:31:56 | INFO: Primitives created: 1
22:31:56 | INFO: Extracting primitive: Cube.105
22:31:56 | INFO: Primitives created: 1
22:31:56 | INFO: Extracting primitive: Cube.106
22:31:56 | INFO: Primitives created: 1
22:31:56 | INFO: Extracting primitive: Cube.107
22:31:56 | INFO: Primitives created: 1
22:31:56 | INFO: Extracting primitive: Cube.108
22:31:56 | INFO: Primitives created: 1
22:31:56 | INFO: Extracting primitive: Cube.109
22:31:56 | INFO: Primitives created: 1
22:31:56 | INFO: Extracting primitive: Cube.110
22:31:56 | INFO: Primitives created: 1
22:31:56 | INFO: Extracting primitive: Cube.111
22:31:56 | INFO: Primitives created: 1
22:31:56 | INFO: Extracting primitive: Cube.112
22:31:56 | INFO: Primitives created: 1
22:31:56 | INFO: Extracting primitive: Cube.113
22:31:56 | INFO: Primitives created: 1
22:31:56 | INFO: Extracting primitive: Cube.114
22:31:56 | INFO: Primitives created: 1
22:31:56 | INFO: Extracting primitive: Cube.115
22:31:56 | INFO: Primitives created: 1
22:31:56 | INFO: Extracting primitive: Cube.116
22:31:56 | INFO: Primitives created: 1
22:31:56 | INFO: Extracting primitive: Cube.117
22:31:56 | INFO: Primitives created: 1
22:31:56 | INFO: Extracting primitive: Cube.118
22:31:56 | INFO: Primitives created: 1
22:31:56 | INFO: Extracting primitive: Cube.119
22:31:56 | INFO: Primitives created: 1
22:31:56 | INFO: Extracting primitive: Cube.120
22:31:56 | INFO: Primitives created: 1
22:31:56 | INFO: Extracting primitive: Cube.121
22:31:56 | INFO: Primitives created: 1
22:31:56 | INFO: Extracting primitive: Cube.122
22:31:56 | INFO: Primitives created: 1
22:31:56 | INFO: Extracting primitive: Cube.123
22:31:56 | INFO: Primitives created: 1
22:31:56 | INFO: Extracting primitive: Cube.124
22:31:56 | INFO: Primitives created: 1
22:31:56 | INFO: Extracting primitive: Cube.125
22:31:56 | INFO: Primitives created: 1
22:31:56 | INFO: Extracting primitive: Cube.126
22:31:56 | INFO: Primitives created: 1
22:31:56 | INFO: Extracting primitive: Cube.127
22:31:56 | INFO: Primitives created: 1
22:31:56 | INFO: Extracting primitive: Cube.128
22:31:56 | INFO: Primitives created: 1
22:31:56 | INFO: Extracting primitive: Cube.129
22:31:56 | INFO: Primitives created: 1
22:31:56 | INFO: Extracting primitive: Cube.130
22:31:56 | INFO: Primitives created: 1
22:31:56 | INFO: Extracting primitive: Cube.131
22:31:56 | INFO: Primitives created: 1
22:31:56 | INFO: Extracting primitive: Cube.132
22:31:56 | INFO: Primitives created: 1
22:31:56 | INFO: Extracting primitive: Cube.133
22:31:56 | INFO: Primitives created: 1
22:31:56 | INFO: Extracting primitive: Cube.134
22:31:56 | INFO: Primitives created: 1
22:31:56 | INFO: Extracting primitive: Cube.135
22:31:56 | INFO: Primitives created: 1
22:31:56 | INFO: Extracting primitive: Cube.101
22:31:56 | INFO: Primitives created: 1
22:31:56 | INFO: Extracting primitive: Cube.102
22:31:56 | INFO: Primitives created: 1
22:31:56 | INFO: Extracting primitive: Cube.103
22:31:56 | INFO: Primitives created: 1
22:31:56 | INFO: Extracting primitive: Cube.104
22:31:56 | INFO: Primitives created: 1
22:31:56 | INFO: Extracting primitive: Cube.105
22:31:56 | INFO: Primitives created: 1
22:31:56 | INFO: Extracting primitive: Cube.106
22:31:56 | INFO: Primitives created: 1
22:31:56 | INFO: Extracting primitive: Cube.107
22:31:56 | INFO: Primitives created: 1
22:31:56 | INFO: Extracting primitive: Cube.108
22:31:56 | INFO: Primitives created: 1
22:31:56 | INFO: Extracting primitive: Cube.109
22:31:56 | INFO: Primitives created: 1
22:31:56 | INFO: Extracting primitive: Cube.110
22:31:56 | INFO: Primitives created: 1
22:31:56 | INFO: Extracting primitive: Cube.111
22:31:56 | INFO: Primitives created: 1
22:31:56 | INFO: Extracting primitive: Cube.112
22:31:56 | INFO: Primitives created: 1
22:31:56 | INFO: Extracting primitive: Cube.113
22:31:56 | INFO: Primitives created: 1
22:31:56 | INFO: Extracting primitive: Cube.114
22:31:56 | INFO: Primitives created: 1
22:31:56 | INFO: Extracting primitive: Cube.115
22:31:56 | INFO: Primitives created: 1
22:31:56 | INFO: Extracting primitive: Cube.116
22:31:56 | INFO: Primitives created: 1
22:31:56 | INFO: Extracting primitive: Cube.117
22:31:56 | INFO: Primitives created: 1
22:31:56 | INFO: Extracting primitive: Cube.118
22:31:56 | INFO: Primitives created: 1
22:31:56 | INFO: Extracting primitive: Cube.119
22:31:56 | INFO: Primitives created: 1
22:31:56 | INFO: Extracting primitive: Cube.120
22:31:56 | INFO: Primitives created: 1
22:31:56 | INFO: Extracting primitive: Cube.121
22:31:56 | INFO: Primitives created: 1
22:31:56 | INFO: Extracting primitive: Cube.122
22:31:56 | INFO: Primitives created: 1
22:31:56 | INFO: Extracting primitive: Cube.123
22:31:56 | INFO: Primitives created: 1
22:31:56 | INFO: Extracting primitive: Cube.124
22:31:56 | INFO: Primitives created: 1
22:31:56 | INFO: Extracting primitive: Cube.125
22:31:56 | INFO: Primitives created: 1
22:31:56 | INFO: Extracting primitive: Cube.126
22:31:56 | INFO: Primitives created: 1
22:31:56 | INFO: Extracting primitive: Cube.127
22:31:56 | INFO: Primitives created: 1
22:31:56 | INFO: Extracting primitive: Cube.128
22:31:56 | INFO: Primitives created: 1
22:31:56 | INFO: Extracting primitive: Cube.129
22:31:56 | INFO: Primitives created: 1
22:31:56 | INFO: Extracting primitive: Cube.130
22:31:56 | INFO: Primitives created: 1
22:31:56 | INFO: Extracting primitive: Cube.131
22:31:56 | INFO: Primitives created: 1
22:31:56 | INFO: Extracting primitive: Cube.132
22:31:56 | INFO: Primitives created: 1
22:31:56 | INFO: Extracting primitive: Cube.133
22:31:56 | INFO: Primitives created: 1
22:31:56 | INFO: Extracting primitive: Cube.134
22:31:56 | INFO: Primitives created: 1
22:31:56 | INFO: Extracting primitive: Cube.135
22:31:56 | INFO: Primitives created: 1
22:31:56 | INFO: Extracting primitive: Cube.101
22:31:56 | INFO: Primitives created: 1
22:31:56 | INFO: Extracting primitive: Cube.102
22:31:56 | INFO: Primitives created: 1
22:31:56 | INFO: Extracting primitive: Cube.103
22:31:56 | INFO: Primitives created: 1
22:31:56 | INFO: Extracting primitive: Cube.104
22:31:56 | INFO: Primitives created: 1
22:31:56 | INFO: Extracting primitive: Cube.105
22:31:56 | INFO: Primitives created: 1
22:31:56 | INFO: Extracting primitive: Cube.106
22:31:56 | INFO: Primitives created: 1
22:31:56 | INFO: Extracting primitive: Cube.107
22:31:56 | INFO: Primitives created: 1
22:31:56 | INFO: Extracting primitive: Cube.108
22:31:56 | INFO: Primitives created: 1
22:31:56 | INFO: Extracting primitive: Cube.109
22:31:56 | INFO: Primitives created: 1
22:31:56 | INFO: Extracting primitive: Cube.110
22:31:56 | INFO: Primitives created: 1
22:31:56 | INFO: Extracting primitive: Cube.111
22:31:56 | INFO: Primitives created: 1
22:31:56 | INFO: Extracting primitive: Cube.112
22:31:56 | INFO: Primitives created: 1
22:31:56 | INFO: Extracting primitive: Cube.113
22:31:56 | INFO: Primitives created: 1
22:31:56 | INFO: Extracting primitive: Cube.114
22:31:56 | INFO: Primitives created: 1
22:31:56 | INFO: Extracting primitive: Cube.115
22:31:56 | INFO: Primitives created: 1
22:31:56 | INFO: Extracting primitive: Cube.116
22:31:56 | INFO: Primitives created: 1
22:31:56 | INFO: Extracting primitive: Cube.117
22:31:56 | INFO: Primitives created: 1
22:31:56 | INFO: Extracting primitive: Cube.118
22:31:56 | INFO: Primitives created: 1
22:31:56 | INFO: Extracting primitive: Cube.119
22:31:56 | INFO: Primitives created: 1
22:31:56 | INFO: Extracting primitive: Cube.120
22:31:56 | INFO: Primitives created: 1
22:31:56 | INFO: Extracting primitive: Cube.121
22:31:56 | INFO: Primitives created: 1
22:31:56 | INFO: Extracting primitive: Cube.122
22:31:56 | INFO: Primitives created: 1
22:31:56 | INFO: Extracting primitive: Cube.123
22:31:56 | INFO: Primitives created: 1
22:31:56 | INFO: Extracting primitive: Cube.124
22:31:56 | INFO: Primitives created: 1
22:31:56 | INFO: Extracting primitive: Cube.125
22:31:56 | INFO: Primitives created: 1
22:31:56 | INFO: Extracting primitive: Cube.126
22:31:56 | INFO: Primitives created: 1
22:31:56 | INFO: Extracting primitive: Cube.127
22:31:56 | INFO: Primitives created: 1
22:31:56 | INFO: Extracting primitive: Cube.128
22:31:56 | INFO: Primitives created: 1
22:31:56 | INFO: Extracting primitive: Cube.129
22:31:56 | INFO: Primitives created: 1
22:31:56 | INFO: Extracting primitive: Cube.130
22:31:56 | INFO: Primitives created: 1
22:31:56 | INFO: Extracting primitive: Cube.131
22:31:56 | INFO: Primitives created: 1
22:31:56 | INFO: Extracting primitive: Cube.132
22:31:56 | INFO: Primitives created: 1
22:31:56 | INFO: Extracting primitive: Cube.133
22:31:56 | INFO: Primitives created: 1
22:31:56 | INFO: Extracting primitive: Cube.134
22:31:56 | INFO: Primitives created: 1
22:31:56 | INFO: Extracting primitive: Cube.135
22:31:56 | INFO: Primitives created: 1
22:31:56 | INFO: Extracting primitive: Sphere.165
22:31:56 | INFO: Primitives created: 1
22:31:56 | INFO: Extracting primitive: Cone.095
22:31:56 | INFO: Primitives created: 1
22:31:56 | INFO: Extracting primitive: Flag
22:31:56 | INFO: Primitives created: 1
22:31:56 | INFO: Extracting primitive: Torus.006
22:31:56 | INFO: Primitives created: 1
22:31:56 | INFO: Extracting primitive: Cone.096
22:31:56 | INFO: Primitives created: 1
22:31:56 | INFO: Extracting primitive: Cone.097
22:31:56 | INFO: Primitives created: 1
22:31:56 | INFO: Extracting primitive: Sphere.166
22:31:56 | INFO: Primitives created: 1
22:31:56 | INFO: Extracting primitive: Sphere.167
22:31:56 | INFO: Primitives created: 1
22:31:56 | INFO: Extracting primitive: Cube.093
22:31:56 | INFO: Primitives created: 1
22:31:56 | INFO: Extracting primitive: Cube.094
22:31:56 | INFO: Primitives created: 1
22:31:56 | INFO: Extracting primitive: Cube.095
22:31:56 | INFO: Primitives created: 1
22:31:56 | INFO: Extracting primitive: Cube.096
22:31:56 | INFO: Primitives created: 1
22:31:56 | INFO: Extracting primitive: Cube.097
22:31:56 | INFO: Primitives created: 1
22:31:56 | INFO: Extracting primitive: Cube.098
22:31:56 | INFO: Primitives created: 1
22:31:56 | INFO: Extracting primitive: Cube.099
22:31:56 | INFO: Primitives created: 1
22:31:56 | INFO: Extracting primitive: Start title
22:31:56 | INFO: Primitives created: 1
22:31:56 | INFO: Extracting primitive: Cone.098
22:31:56 | INFO: Primitives created: 1
22:31:56 | INFO: Extracting primitive: Cone.099
22:31:56 | INFO: Primitives created: 1
22:31:56 | INFO: Extracting primitive: Ramp
22:31:56 | INFO: Primitives created: 1
22:31:56 | INFO: Extracting primitive: Cube.168
22:31:56 | INFO: Primitives created: 1
22:31:56 | INFO: Extracting primitive: Charge
22:31:56 | INFO: Primitives created: 1
22:31:56 | INFO: Extracting primitive: Torus.010
22:31:56 | INFO: Primitives created: 1
22:31:56 | INFO: Extracting primitive: Cube.169
22:31:56 | INFO: Primitives created: 1
22:31:56 | INFO: Extracting primitive: Arrow
22:31:56 | INFO: Primitives created: 1
22:31:56 | INFO: Extracting primitive: Cone.100
22:31:56 | INFO: Primitives created: 1
22:31:56 | INFO: Extracting primitive: Cone.101
22:31:56 | INFO: Primitives created: 1
22:31:56 | INFO: Extracting primitive: Cube.100
22:31:56 | INFO: Primitives created: 1
22:31:56 | INFO: Extracting primitive: Cube.168
22:31:56 | INFO: Primitives created: 1
22:31:56 | INFO: Extracting primitive: Cube.169
22:31:56 | INFO: Primitives created: 1
22:31:56 | INFO: Extracting primitive: Cube.100
22:31:56 | INFO: Primitives created: 1
22:31:56 | INFO: Extracting primitive: Cube.168
22:31:56 | INFO: Primitives created: 1
22:31:56 | INFO: Extracting primitive: Cube.169
22:31:56 | INFO: Primitives created: 1
22:31:56 | INFO: Extracting primitive: Cube.100
22:31:56 | INFO: Primitives created: 1
22:31:56 | INFO: Extracting primitive: Cube.081
22:31:56 | INFO: Primitives created: 1
22:31:56 | INFO: Extracting primitive: Cube.082
22:31:56 | INFO: Primitives created: 1
22:31:56 | INFO: Extracting primitive: Cube.083
22:31:56 | INFO: Primitives created: 1
22:31:56 | INFO: Extracting primitive: Cube.084
22:31:56 | INFO: Primitives created: 1
22:31:56 | INFO: Extracting primitive: Cube.085
22:31:56 | INFO: Primitives created: 1
22:31:56 | INFO: Extracting primitive: Cube.086
22:31:56 | INFO: Primitives created: 1
22:31:56 | INFO: Extracting primitive: Cube.087
22:31:56 | INFO: Primitives created: 1
22:31:56 | INFO: Extracting primitive: Cube.088
22:31:56 | INFO: Primitives created: 1
22:31:56 | INFO: Extracting primitive: Cube.089
22:31:56 | INFO: Primitives created: 1
22:31:56 | INFO: Extracting primitive: Cube.090
22:31:56 | INFO: Primitives created: 1
22:31:56 | INFO: Extracting primitive: Cube.091
22:31:56 | INFO: Primitives created: 1
22:31:56 | INFO: Extracting primitive: Cube.092
22:31:56 | INFO: Primitives created: 1
22:31:56 | INFO: Extracting primitive: Cone.091
22:31:56 | INFO: Primitives created: 1
22:31:56 | INFO: Extracting primitive: Cone.092
22:31:56 | INFO: Primitives created: 1
22:31:56 | INFO: Extracting primitive: Cone.093
22:31:56 | INFO: Primitives created: 1
22:31:56 | INFO: Extracting primitive: Cone.094
22:31:56 | INFO: Primitives created: 1
22:31:56 | INFO: Extracting primitive: Sphere.176
22:31:56 | INFO: Primitives created: 1
22:31:56 | INFO: Extracting primitive: Cube.166
22:31:56 | INFO: Primitives created: 1
22:31:56 | INFO: Extracting primitive: Cone.124
22:31:56 | INFO: Primitives created: 1
22:31:56 | INFO: Extracting primitive: Cube.167
22:31:57 | INFO: Primitives created: 1
22:31:57 | INFO: Extracting primitive: Cube.031
22:31:57 | INFO: Primitives created: 1
22:31:57 | INFO: Extracting primitive: Cube.032
22:31:57 | INFO: Primitives created: 1
22:31:57 | INFO: Extracting primitive: Cube.033
22:31:57 | INFO: Primitives created: 1
22:31:57 | INFO: Extracting primitive: Cube.034
22:31:57 | INFO: Primitives created: 1
22:31:57 | INFO: Extracting primitive: Cube.035
22:31:57 | INFO: Primitives created: 1
22:31:57 | INFO: Extracting primitive: Cube.036
22:31:57 | INFO: Primitives created: 1
22:31:57 | INFO: Extracting primitive: Cube.037
22:31:57 | INFO: Primitives created: 1
22:31:57 | INFO: Extracting primitive: Cube.039
22:31:57 | INFO: Primitives created: 1
22:31:57 | INFO: Extracting primitive: Cube.040
22:31:57 | INFO: Primitives created: 1
22:31:57 | INFO: Extracting primitive: Cube.041
22:31:57 | INFO: Primitives created: 1
22:31:57 | INFO: Extracting primitive: Cube.042
22:31:57 | INFO: Primitives created: 1
22:31:57 | INFO: Extracting primitive: Cube.043
22:31:57 | INFO: Primitives created: 1
22:31:57 | INFO: Extracting primitive: Cube.044
22:31:57 | INFO: Primitives created: 1
22:31:57 | INFO: Extracting primitive: Cube.045
22:31:57 | INFO: Primitives created: 1
22:31:57 | INFO: Extracting primitive: Cube.030
22:31:57 | INFO: Primitives created: 1
22:31:57 | INFO: Extracting primitive: Cube.038
22:31:57 | INFO: Primitives created: 1
22:31:57 | INFO: Extracting primitive: Sphere.152
22:31:57 | INFO: Primitives created: 1
22:31:57 | INFO: Extracting primitive: Cone.068
22:31:57 | INFO: Primitives created: 1
22:31:57 | INFO: Extracting primitive: Cone.069
22:31:57 | INFO: Primitives created: 1
22:31:57 | INFO: Extracting primitive: Cone.067
22:31:57 | INFO: Primitives created: 1
22:31:57 | INFO: Extracting primitive: Hull badge
22:31:57 | INFO: Primitives created: 1
22:31:57 | INFO: Extracting primitive: Sphere.153
22:31:57 | INFO: Primitives created: 1
22:31:57 | INFO: Extracting primitive: Torus.003
22:31:57 | INFO: Primitives created: 1
22:31:57 | INFO: Extracting primitive: Sphere.150
22:31:57 | INFO: Primitives created: 1
22:31:57 | INFO: Extracting primitive: Cube.046
22:31:57 | INFO: Primitives created: 1
22:31:57 | INFO: Extracting primitive: Sphere.151
22:31:57 | INFO: Primitives created: 1
22:31:57 | INFO: Extracting primitive: Mesh
22:31:57 | INFO: Primitives created: 1
22:31:57 | INFO: Extracting primitive: Cone.070
22:31:57 | INFO: Primitives created: 1
22:31:57 | INFO: Extracting primitive: Cone.071
22:31:57 | INFO: Primitives created: 1
22:31:57 | INFO: Extracting primitive: Cone.066
22:31:57 | INFO: Primitives created: 1
22:31:57 | INFO: Extracting primitive: Cube.048
22:31:57 | INFO: Primitives created: 1
22:31:57 | INFO: Extracting primitive: Cube.049
22:31:57 | INFO: Primitives created: 1
22:31:57 | INFO: Extracting primitive: Cube.050
22:31:57 | INFO: Primitives created: 1
22:31:57 | INFO: Extracting primitive: Cube.051
22:31:57 | INFO: Primitives created: 1
22:31:57 | INFO: Extracting primitive: Cube.052
22:31:57 | INFO: Primitives created: 1
22:31:57 | INFO: Extracting primitive: Cube.053
22:31:57 | INFO: Primitives created: 1
22:31:57 | INFO: Extracting primitive: Cube.054
22:31:57 | INFO: Primitives created: 1
22:31:57 | INFO: Extracting primitive: Cube.056
22:31:57 | INFO: Primitives created: 1
22:31:57 | INFO: Extracting primitive: Cube.057
22:31:57 | INFO: Primitives created: 1
22:31:57 | INFO: Extracting primitive: Cube.058
22:31:57 | INFO: Primitives created: 1
22:31:57 | INFO: Extracting primitive: Cube.059
22:31:57 | INFO: Primitives created: 1
22:31:57 | INFO: Extracting primitive: Cube.060
22:31:57 | INFO: Primitives created: 1
22:31:57 | INFO: Extracting primitive: Cube.061
22:31:57 | INFO: Primitives created: 1
22:31:57 | INFO: Extracting primitive: Cube.062
22:31:57 | INFO: Primitives created: 1
22:31:57 | INFO: Extracting primitive: Cube.047
22:31:57 | INFO: Primitives created: 1
22:31:57 | INFO: Extracting primitive: Cube.055
22:31:57 | INFO: Primitives created: 1
22:31:57 | INFO: Extracting primitive: Sphere.156
22:31:57 | INFO: Primitives created: 1
22:31:57 | INFO: Extracting primitive: Cone.074
22:31:57 | INFO: Primitives created: 1
22:31:57 | INFO: Extracting primitive: Cone.075
22:31:57 | INFO: Primitives created: 1
22:31:57 | INFO: Extracting primitive: Cone.073
22:31:57 | INFO: Primitives created: 1
22:31:57 | INFO: Extracting primitive: Hull badge.001
22:31:57 | INFO: Primitives created: 1
22:31:57 | INFO: Extracting primitive: Sphere.157
22:31:57 | INFO: Primitives created: 1
22:31:57 | INFO: Extracting primitive: Torus.004
22:31:57 | INFO: Primitives created: 1
22:31:57 | INFO: Extracting primitive: Sphere.154
22:31:57 | INFO: Primitives created: 1
22:31:57 | INFO: Extracting primitive: Cube.063
22:31:57 | INFO: Primitives created: 1
22:31:57 | INFO: Extracting primitive: Sphere.155
22:31:57 | INFO: Primitives created: 1
22:31:57 | INFO: Extracting primitive: Mesh
22:31:57 | INFO: Primitives created: 1
22:31:57 | INFO: Extracting primitive: Cone.076
22:31:57 | INFO: Primitives created: 1
22:31:57 | INFO: Extracting primitive: Cone.077
22:31:57 | INFO: Primitives created: 1
22:31:57 | INFO: Extracting primitive: Cone.072
22:31:57 | INFO: Primitives created: 1
22:31:57 | INFO: Extracting primitive: Cube.065
22:31:57 | INFO: Primitives created: 1
22:31:57 | INFO: Extracting primitive: Cube.066
22:31:57 | INFO: Primitives created: 1
22:31:57 | INFO: Extracting primitive: Cube.067
22:31:57 | INFO: Primitives created: 1
22:31:57 | INFO: Extracting primitive: Cube.068
22:31:57 | INFO: Primitives created: 1
22:31:57 | INFO: Extracting primitive: Cube.069
22:31:57 | INFO: Primitives created: 1
22:31:57 | INFO: Extracting primitive: Cube.070
22:31:57 | INFO: Primitives created: 1
22:31:57 | INFO: Extracting primitive: Cube.071
22:31:57 | INFO: Primitives created: 1
22:31:57 | INFO: Extracting primitive: Cube.073
22:31:57 | INFO: Primitives created: 1
22:31:57 | INFO: Extracting primitive: Cube.074
22:31:57 | INFO: Primitives created: 1
22:31:57 | INFO: Extracting primitive: Cube.075
22:31:57 | INFO: Primitives created: 1
22:31:57 | INFO: Extracting primitive: Cube.076
22:31:57 | INFO: Primitives created: 1
22:31:57 | INFO: Extracting primitive: Cube.077
22:31:57 | INFO: Primitives created: 1
22:31:57 | INFO: Extracting primitive: Cube.078
22:31:57 | INFO: Primitives created: 1
22:31:57 | INFO: Extracting primitive: Cube.079
22:31:57 | INFO: Primitives created: 1
22:31:57 | INFO: Extracting primitive: Cube.064
22:31:57 | INFO: Primitives created: 1
22:31:57 | INFO: Extracting primitive: Cube.072
22:31:57 | INFO: Primitives created: 1
22:31:57 | INFO: Extracting primitive: Sphere.160
22:31:57 | INFO: Primitives created: 1
22:31:57 | INFO: Extracting primitive: Cone.080
22:31:57 | INFO: Primitives created: 1
22:31:57 | INFO: Extracting primitive: Cone.081
22:31:57 | INFO: Primitives created: 1
22:31:57 | INFO: Extracting primitive: Cone.079
22:31:57 | INFO: Primitives created: 1
22:31:57 | INFO: Extracting primitive: Hull badge.002
22:31:57 | INFO: Primitives created: 1
22:31:57 | INFO: Extracting primitive: Sphere.161
22:31:57 | INFO: Primitives created: 1
22:31:57 | INFO: Extracting primitive: Torus.005
22:31:57 | INFO: Primitives created: 1
22:31:57 | INFO: Extracting primitive: Sphere.158
22:31:57 | INFO: Primitives created: 1
22:31:57 | INFO: Extracting primitive: Cube.080
22:31:57 | INFO: Primitives created: 1
22:31:57 | INFO: Extracting primitive: Sphere.159
22:31:57 | INFO: Primitives created: 1
22:31:57 | INFO: Extracting primitive: Mesh
22:31:57 | INFO: Primitives created: 1
22:31:57 | INFO: Extracting primitive: Cone.082
22:31:57 | INFO: Primitives created: 1
22:31:57 | INFO: Extracting primitive: Cone.083
22:31:57 | INFO: Primitives created: 1
22:31:57 | INFO: Extracting primitive: Cone.078
22:31:57 | INFO: Primitives created: 1
22:31:58 | INFO: Finished glTF 2.0 export in 4.0466742515563965 s

22:31:59 | INFO: Starting glTF 2.0 export
22:31:59 | INFO: Extracting primitive: Mesh
22:31:59 | INFO: Primitives created: 0
22:31:59 | WARNING: Mesh 'Mesh' has no primitives and will be omitted.
22:31:59 | INFO: Extracting primitive: Sphere.185
22:31:59 | INFO: Primitives created: 1
22:31:59 | INFO: Extracting primitive: Plane.002
22:31:59 | INFO: Primitives created: 1
22:31:59 | INFO: Extracting primitive: Sphere.168
22:31:59 | INFO: Primitives created: 1
22:31:59 | INFO: Extracting primitive: Sphere.169
22:31:59 | INFO: Primitives created: 1
22:31:59 | INFO: Extracting primitive: Sphere.170
22:31:59 | INFO: Primitives created: 1
22:31:59 | INFO: Extracting primitive: Sphere.171
22:31:59 | INFO: Primitives created: 1
22:31:59 | INFO: Extracting primitive: Sphere.172
22:31:59 | INFO: Primitives created: 1
22:31:59 | INFO: Extracting primitive: Sphere.173
22:31:59 | INFO: Primitives created: 1
22:31:59 | INFO: Extracting primitive: Cone.103
22:31:59 | INFO: Primitives created: 1
22:31:59 | INFO: Extracting primitive: Cone.104
22:31:59 | INFO: Primitives created: 1
22:31:59 | INFO: Extracting primitive: Cone.105
22:31:59 | INFO: Primitives created: 1
22:31:59 | INFO: Extracting primitive: Cone.106
22:31:59 | INFO: Primitives created: 1
22:31:59 | INFO: Extracting primitive: Cone.107
22:31:59 | INFO: Primitives created: 1
22:31:59 | INFO: Extracting primitive: Cone.108
22:31:59 | INFO: Primitives created: 1
22:31:59 | INFO: Extracting primitive: Cone.102
22:31:59 | INFO: Primitives created: 1
22:31:59 | INFO: Extracting primitive: Cube.152
22:31:59 | INFO: Primitives created: 1
22:31:59 | INFO: Extracting primitive: Cube.153
22:31:59 | INFO: Primitives created: 1
22:31:59 | INFO: Extracting primitive: Cube.154
22:31:59 | INFO: Primitives created: 1
22:31:59 | INFO: Extracting primitive: Cube.155
22:31:59 | INFO: Primitives created: 1
22:31:59 | INFO: Extracting primitive: Cube.156
22:31:59 | INFO: Primitives created: 1
22:31:59 | INFO: Extracting primitive: Cube.157
22:31:59 | INFO: Primitives created: 1
22:31:59 | INFO: Extracting primitive: Cube.158
22:31:59 | INFO: Primitives created: 1
22:31:59 | INFO: Extracting primitive: Cube.159
22:31:59 | INFO: Primitives created: 1
22:31:59 | INFO: Extracting primitive: Cube.160
22:31:59 | INFO: Primitives created: 1
22:31:59 | INFO: Extracting primitive: Cube.161
22:31:59 | INFO: Primitives created: 1
22:31:59 | INFO: Extracting primitive: Cube.162
22:31:59 | INFO: Primitives created: 1
22:31:59 | INFO: Extracting primitive: Cube.163
22:31:59 | INFO: Primitives created: 1
22:31:59 | INFO: Extracting primitive: Cube.164
22:31:59 | INFO: Primitives created: 1
22:31:59 | INFO: Extracting primitive: Cube.165
22:31:59 | INFO: Primitives created: 1
22:31:59 | INFO: Extracting primitive: Cube.152
22:31:59 | INFO: Primitives created: 1
22:31:59 | INFO: Extracting primitive: Cube.153
22:31:59 | INFO: Primitives created: 1
22:31:59 | INFO: Extracting primitive: Cube.154
22:31:59 | INFO: Primitives created: 1
22:31:59 | INFO: Extracting primitive: Cube.155
22:31:59 | INFO: Primitives created: 1
22:31:59 | INFO: Extracting primitive: Cube.156
22:31:59 | INFO: Primitives created: 1
22:31:59 | INFO: Extracting primitive: Cube.157
22:31:59 | INFO: Primitives created: 1
22:31:59 | INFO: Extracting primitive: Cube.158
22:31:59 | INFO: Primitives created: 1
22:31:59 | INFO: Extracting primitive: Cube.159
22:31:59 | INFO: Primitives created: 1
22:31:59 | INFO: Extracting primitive: Cube.160
22:31:59 | INFO: Primitives created: 1
22:31:59 | INFO: Extracting primitive: Cube.161
22:31:59 | INFO: Primitives created: 1
22:31:59 | INFO: Extracting primitive: Cube.162
22:31:59 | INFO: Primitives created: 1
22:31:59 | INFO: Extracting primitive: Cube.163
22:31:59 | INFO: Primitives created: 1
22:31:59 | INFO: Extracting primitive: Cube.164
22:31:59 | INFO: Primitives created: 1
22:31:59 | INFO: Extracting primitive: Cube.165
22:31:59 | INFO: Primitives created: 1
22:31:59 | INFO: Extracting primitive: Cube.152
22:31:59 | INFO: Primitives created: 1
22:31:59 | INFO: Extracting primitive: Cube.153
22:31:59 | INFO: Primitives created: 1
22:31:59 | INFO: Extracting primitive: Cube.154
22:31:59 | INFO: Primitives created: 1
22:31:59 | INFO: Extracting primitive: Cube.155
22:31:59 | INFO: Primitives created: 1
22:31:59 | INFO: Extracting primitive: Cube.156
22:31:59 | INFO: Primitives created: 1
22:31:59 | INFO: Extracting primitive: Cube.157
22:31:59 | INFO: Primitives created: 1
22:31:59 | INFO: Extracting primitive: Cube.158
22:31:59 | INFO: Primitives created: 1
22:31:59 | INFO: Extracting primitive: Cube.159
22:31:59 | INFO: Primitives created: 1
22:31:59 | INFO: Extracting primitive: Cube.160
22:31:59 | INFO: Primitives created: 1
22:31:59 | INFO: Extracting primitive: Cube.161
22:31:59 | INFO: Primitives created: 1
22:31:59 | INFO: Extracting primitive: Cube.162
22:31:59 | INFO: Primitives created: 1
22:31:59 | INFO: Extracting primitive: Cube.163
22:31:59 | INFO: Primitives created: 1
22:31:59 | INFO: Extracting primitive: Cube.164
22:31:59 | INFO: Primitives created: 1
22:31:59 | INFO: Extracting primitive: Cube.165
22:31:59 | INFO: Primitives created: 1
22:31:59 | INFO: Extracting primitive: Cube.152
22:31:59 | INFO: Primitives created: 1
22:31:59 | INFO: Extracting primitive: Cube.153
22:31:59 | INFO: Primitives created: 1
22:31:59 | INFO: Extracting primitive: Cube.154
22:31:59 | INFO: Primitives created: 1
22:31:59 | INFO: Extracting primitive: Cube.155
22:31:59 | INFO: Primitives created: 1
22:31:59 | INFO: Extracting primitive: Cube.156
22:31:59 | INFO: Primitives created: 1
22:31:59 | INFO: Extracting primitive: Cube.157
22:31:59 | INFO: Primitives created: 1
22:31:59 | INFO: Extracting primitive: Cube.158
22:31:59 | INFO: Primitives created: 1
22:31:59 | INFO: Extracting primitive: Cube.159
22:31:59 | INFO: Primitives created: 1
22:31:59 | INFO: Extracting primitive: Cube.160
22:31:59 | INFO: Primitives created: 1
22:31:59 | INFO: Extracting primitive: Cube.161
22:31:59 | INFO: Primitives created: 1
22:31:59 | INFO: Extracting primitive: Cube.162
22:31:59 | INFO: Primitives created: 1
22:31:59 | INFO: Extracting primitive: Cube.163
22:31:59 | INFO: Primitives created: 1
22:31:59 | INFO: Extracting primitive: Cube.164
22:31:59 | INFO: Primitives created: 1
22:31:59 | INFO: Extracting primitive: Cube.165
22:31:59 | INFO: Primitives created: 1
22:31:59 | INFO: Extracting primitive: Cube.152
22:31:59 | INFO: Primitives created: 1
22:31:59 | INFO: Extracting primitive: Cube.153
22:31:59 | INFO: Primitives created: 1
22:31:59 | INFO: Extracting primitive: Cube.154
22:31:59 | INFO: Primitives created: 1
22:31:59 | INFO: Extracting primitive: Cube.155
22:31:59 | INFO: Primitives created: 1
22:31:59 | INFO: Extracting primitive: Cube.156
22:31:59 | INFO: Primitives created: 1
22:31:59 | INFO: Extracting primitive: Cube.157
22:31:59 | INFO: Primitives created: 1
22:31:59 | INFO: Extracting primitive: Cube.158
22:31:59 | INFO: Primitives created: 1
22:31:59 | INFO: Extracting primitive: Cube.159
22:31:59 | INFO: Primitives created: 1
22:31:59 | INFO: Extracting primitive: Cube.160
22:31:59 | INFO: Primitives created: 1
22:31:59 | INFO: Extracting primitive: Cube.161
22:31:59 | INFO: Primitives created: 1
22:31:59 | INFO: Extracting primitive: Cube.162
22:31:59 | INFO: Primitives created: 1
22:31:59 | INFO: Extracting primitive: Cube.163
22:31:59 | INFO: Primitives created: 1
22:31:59 | INFO: Extracting primitive: Cube.164
22:31:59 | INFO: Primitives created: 1
22:31:59 | INFO: Extracting primitive: Cube.165
22:32:00 | INFO: Primitives created: 1
22:32:00 | INFO: Extracting primitive: Sphere.165
22:32:00 | INFO: Primitives created: 1
22:32:00 | INFO: Extracting primitive: Cone.095
22:32:00 | INFO: Primitives created: 1
22:32:00 | INFO: Extracting primitive: Flag
22:32:00 | INFO: Primitives created: 1
22:32:00 | INFO: Extracting primitive: Torus.006
22:32:00 | INFO: Primitives created: 1
22:32:00 | INFO: Extracting primitive: Cone.096
22:32:00 | INFO: Primitives created: 1
22:32:00 | INFO: Extracting primitive: Cone.097
22:32:00 | INFO: Primitives created: 1
22:32:00 | INFO: Extracting primitive: Sphere.166
22:32:00 | INFO: Primitives created: 1
22:32:00 | INFO: Extracting primitive: Sphere.167
22:32:00 | INFO: Primitives created: 1
22:32:00 | INFO: Extracting primitive: Cube.093
22:32:00 | INFO: Primitives created: 1
22:32:00 | INFO: Extracting primitive: Cube.094
22:32:00 | INFO: Primitives created: 1
22:32:00 | INFO: Extracting primitive: Cube.095
22:32:00 | INFO: Primitives created: 1
22:32:00 | INFO: Extracting primitive: Cube.096
22:32:00 | INFO: Primitives created: 1
22:32:00 | INFO: Extracting primitive: Cube.097
22:32:00 | INFO: Primitives created: 1
22:32:00 | INFO: Extracting primitive: Cube.098
22:32:00 | INFO: Primitives created: 1
22:32:00 | INFO: Extracting primitive: Cube.099
22:32:00 | INFO: Primitives created: 1
22:32:00 | INFO: Extracting primitive: Start title
22:32:00 | INFO: Primitives created: 1
22:32:00 | INFO: Extracting primitive: Cone.098
22:32:00 | INFO: Primitives created: 1
22:32:00 | INFO: Extracting primitive: Cone.099
22:32:00 | INFO: Primitives created: 1
22:32:00 | INFO: Extracting primitive: Ramp
22:32:00 | INFO: Primitives created: 1
22:32:00 | INFO: Extracting primitive: Cube.168
22:32:00 | INFO: Primitives created: 1
22:32:00 | INFO: Extracting primitive: Charge
22:32:00 | INFO: Primitives created: 1
22:32:00 | INFO: Extracting primitive: Torus.010
22:32:00 | INFO: Primitives created: 1
22:32:00 | INFO: Extracting primitive: Cube.169
22:32:00 | INFO: Primitives created: 1
22:32:00 | INFO: Extracting primitive: Arrow
22:32:00 | INFO: Primitives created: 1
22:32:00 | INFO: Extracting primitive: Cone.100
22:32:00 | INFO: Primitives created: 1
22:32:00 | INFO: Extracting primitive: Cone.101
22:32:00 | INFO: Primitives created: 1
22:32:00 | INFO: Extracting primitive: Cube.100
22:32:00 | INFO: Primitives created: 1
22:32:00 | INFO: Extracting primitive: Cube.168
22:32:00 | INFO: Primitives created: 1
22:32:00 | INFO: Extracting primitive: Cube.169
22:32:00 | INFO: Primitives created: 1
22:32:00 | INFO: Extracting primitive: Cube.100
22:32:00 | INFO: Primitives created: 1
22:32:00 | INFO: Extracting primitive: Cube.168
22:32:00 | INFO: Primitives created: 1
22:32:00 | INFO: Extracting primitive: Cube.169
22:32:00 | INFO: Primitives created: 1
22:32:00 | INFO: Extracting primitive: Cube.100
22:32:00 | INFO: Primitives created: 1
22:32:00 | INFO: Extracting primitive: Cube.081
22:32:00 | INFO: Primitives created: 1
22:32:00 | INFO: Extracting primitive: Cube.082
22:32:00 | INFO: Primitives created: 1
22:32:00 | INFO: Extracting primitive: Cube.083
22:32:00 | INFO: Primitives created: 1
22:32:00 | INFO: Extracting primitive: Cube.084
22:32:00 | INFO: Primitives created: 1
22:32:00 | INFO: Extracting primitive: Cube.085
22:32:00 | INFO: Primitives created: 1
22:32:00 | INFO: Extracting primitive: Cube.086
22:32:00 | INFO: Primitives created: 1
22:32:00 | INFO: Extracting primitive: Cube.087
22:32:00 | INFO: Primitives created: 1
22:32:00 | INFO: Extracting primitive: Cube.088
22:32:00 | INFO: Primitives created: 1
22:32:00 | INFO: Extracting primitive: Cube.089
22:32:00 | INFO: Primitives created: 1
22:32:00 | INFO: Extracting primitive: Cube.090
22:32:00 | INFO: Primitives created: 1
22:32:00 | INFO: Extracting primitive: Cube.091
22:32:00 | INFO: Primitives created: 1
22:32:00 | INFO: Extracting primitive: Cube.092
22:32:00 | INFO: Primitives created: 1
22:32:00 | INFO: Extracting primitive: Cone.091
22:32:00 | INFO: Primitives created: 1
22:32:00 | INFO: Extracting primitive: Cone.092
22:32:00 | INFO: Primitives created: 1
22:32:00 | INFO: Extracting primitive: Cone.093
22:32:00 | INFO: Primitives created: 1
22:32:00 | INFO: Extracting primitive: Cone.094
22:32:00 | INFO: Primitives created: 1
22:32:00 | INFO: Extracting primitive: Sphere.176
22:32:00 | INFO: Primitives created: 1
22:32:00 | INFO: Extracting primitive: Cube.166
22:32:00 | INFO: Primitives created: 1
22:32:00 | INFO: Extracting primitive: Cone.124
22:32:00 | INFO: Primitives created: 1
22:32:00 | INFO: Extracting primitive: Cube.167
22:32:00 | INFO: Primitives created: 1
22:32:00 | INFO: Extracting primitive: Cube.031
22:32:00 | INFO: Primitives created: 1
22:32:00 | INFO: Extracting primitive: Cube.032
22:32:00 | INFO: Primitives created: 1
22:32:00 | INFO: Extracting primitive: Cube.033
22:32:00 | INFO: Primitives created: 1
22:32:00 | INFO: Extracting primitive: Cube.034
22:32:00 | INFO: Primitives created: 1
22:32:00 | INFO: Extracting primitive: Cube.035
22:32:00 | INFO: Primitives created: 1
22:32:00 | INFO: Extracting primitive: Cube.036
22:32:00 | INFO: Primitives created: 1
22:32:00 | INFO: Extracting primitive: Cube.037
22:32:00 | INFO: Primitives created: 1
22:32:00 | INFO: Extracting primitive: Cube.039
22:32:00 | INFO: Primitives created: 1
22:32:00 | INFO: Extracting primitive: Cube.040
22:32:00 | INFO: Primitives created: 1
22:32:00 | INFO: Extracting primitive: Cube.041
22:32:00 | INFO: Primitives created: 1
22:32:00 | INFO: Extracting primitive: Cube.042
22:32:00 | INFO: Primitives created: 1
22:32:00 | INFO: Extracting primitive: Cube.043
22:32:00 | INFO: Primitives created: 1
22:32:00 | INFO: Extracting primitive: Cube.044
22:32:00 | INFO: Primitives created: 1
22:32:00 | INFO: Extracting primitive: Cube.045
22:32:00 | INFO: Primitives created: 1
22:32:00 | INFO: Extracting primitive: Cube.030
22:32:00 | INFO: Primitives created: 1
22:32:00 | INFO: Extracting primitive: Cube.038
22:32:00 | INFO: Primitives created: 1
22:32:00 | INFO: Extracting primitive: Sphere.152
22:32:00 | INFO: Primitives created: 1
22:32:00 | INFO: Extracting primitive: Cone.068
22:32:00 | INFO: Primitives created: 1
22:32:00 | INFO: Extracting primitive: Cone.069
22:32:00 | INFO: Primitives created: 1
22:32:00 | INFO: Extracting primitive: Cone.067
22:32:00 | INFO: Primitives created: 1
22:32:00 | INFO: Extracting primitive: Hull badge
22:32:00 | INFO: Primitives created: 1
22:32:00 | INFO: Extracting primitive: Sphere.153
22:32:00 | INFO: Primitives created: 1
22:32:00 | INFO: Extracting primitive: Torus.003
22:32:00 | INFO: Primitives created: 1
22:32:00 | INFO: Extracting primitive: Sphere.150
22:32:00 | INFO: Primitives created: 1
22:32:00 | INFO: Extracting primitive: Cube.046
22:32:00 | INFO: Primitives created: 1
22:32:00 | INFO: Extracting primitive: Sphere.151
22:32:00 | INFO: Primitives created: 1
22:32:00 | INFO: Extracting primitive: Mesh
22:32:00 | INFO: Primitives created: 1
22:32:00 | INFO: Extracting primitive: Cone.070
22:32:00 | INFO: Primitives created: 1
22:32:00 | INFO: Extracting primitive: Cone.071
22:32:00 | INFO: Primitives created: 1
22:32:00 | INFO: Extracting primitive: Cone.066
22:32:00 | INFO: Primitives created: 1
22:32:00 | INFO: Extracting primitive: Cube.048
22:32:00 | INFO: Primitives created: 1
22:32:00 | INFO: Extracting primitive: Cube.049
22:32:00 | INFO: Primitives created: 1
22:32:00 | INFO: Extracting primitive: Cube.050
22:32:00 | INFO: Primitives created: 1
22:32:00 | INFO: Extracting primitive: Cube.051
22:32:00 | INFO: Primitives created: 1
22:32:00 | INFO: Extracting primitive: Cube.052
22:32:00 | INFO: Primitives created: 1
22:32:00 | INFO: Extracting primitive: Cube.053
22:32:00 | INFO: Primitives created: 1
22:32:00 | INFO: Extracting primitive: Cube.054
22:32:00 | INFO: Primitives created: 1
22:32:00 | INFO: Extracting primitive: Cube.056
22:32:00 | INFO: Primitives created: 1
22:32:00 | INFO: Extracting primitive: Cube.057
22:32:00 | INFO: Primitives created: 1
22:32:00 | INFO: Extracting primitive: Cube.058
22:32:00 | INFO: Primitives created: 1
22:32:00 | INFO: Extracting primitive: Cube.059
22:32:00 | INFO: Primitives created: 1
22:32:00 | INFO: Extracting primitive: Cube.060
22:32:00 | INFO: Primitives created: 1
22:32:00 | INFO: Extracting primitive: Cube.061
22:32:00 | INFO: Primitives created: 1
22:32:01 | INFO: Extracting primitive: Cube.062
22:32:01 | INFO: Primitives created: 1
22:32:01 | INFO: Extracting primitive: Cube.047
22:32:01 | INFO: Primitives created: 1
22:32:01 | INFO: Extracting primitive: Cube.055
22:32:01 | INFO: Primitives created: 1
22:32:01 | INFO: Extracting primitive: Sphere.156
22:32:01 | INFO: Primitives created: 1
22:32:01 | INFO: Extracting primitive: Cone.074
22:32:01 | INFO: Primitives created: 1
22:32:01 | INFO: Extracting primitive: Cone.075
22:32:01 | INFO: Primitives created: 1
22:32:01 | INFO: Extracting primitive: Cone.073
22:32:01 | INFO: Primitives created: 1
22:32:01 | INFO: Extracting primitive: Hull badge.001
22:32:01 | INFO: Primitives created: 1
22:32:01 | INFO: Extracting primitive: Sphere.157
22:32:01 | INFO: Primitives created: 1
22:32:01 | INFO: Extracting primitive: Torus.004
22:32:01 | INFO: Primitives created: 1
22:32:01 | INFO: Extracting primitive: Sphere.154
22:32:01 | INFO: Primitives created: 1
22:32:01 | INFO: Extracting primitive: Cube.063
22:32:01 | INFO: Primitives created: 1
22:32:01 | INFO: Extracting primitive: Sphere.155
22:32:01 | INFO: Primitives created: 1
22:32:01 | INFO: Extracting primitive: Mesh
22:32:01 | INFO: Primitives created: 1
22:32:01 | INFO: Extracting primitive: Cone.076
22:32:01 | INFO: Primitives created: 1
22:32:01 | INFO: Extracting primitive: Cone.077
22:32:01 | INFO: Primitives created: 1
22:32:01 | INFO: Extracting primitive: Cone.072
22:32:01 | INFO: Primitives created: 1
22:32:01 | INFO: Extracting primitive: Cube.065
22:32:01 | INFO: Primitives created: 1
22:32:01 | INFO: Extracting primitive: Cube.066
22:32:01 | INFO: Primitives created: 1
22:32:01 | INFO: Extracting primitive: Cube.067
22:32:01 | INFO: Primitives created: 1
22:32:01 | INFO: Extracting primitive: Cube.068
22:32:01 | INFO: Primitives created: 1
22:32:01 | INFO: Extracting primitive: Cube.069
22:32:01 | INFO: Primitives created: 1
22:32:01 | INFO: Extracting primitive: Cube.070
22:32:01 | INFO: Primitives created: 1
22:32:01 | INFO: Extracting primitive: Cube.071
22:32:01 | INFO: Primitives created: 1
22:32:01 | INFO: Extracting primitive: Cube.073
22:32:01 | INFO: Primitives created: 1
22:32:01 | INFO: Extracting primitive: Cube.074
22:32:01 | INFO: Primitives created: 1
22:32:01 | INFO: Extracting primitive: Cube.075
22:32:01 | INFO: Primitives created: 1
22:32:01 | INFO: Extracting primitive: Cube.076
22:32:01 | INFO: Primitives created: 1
22:32:01 | INFO: Extracting primitive: Cube.077
22:32:01 | INFO: Primitives created: 1
22:32:01 | INFO: Extracting primitive: Cube.078
22:32:01 | INFO: Primitives created: 1
22:32:01 | INFO: Extracting primitive: Cube.079
22:32:01 | INFO: Primitives created: 1
22:32:01 | INFO: Extracting primitive: Cube.064
22:32:01 | INFO: Primitives created: 1
22:32:01 | INFO: Extracting primitive: Cube.072
22:32:01 | INFO: Primitives created: 1
22:32:01 | INFO: Extracting primitive: Sphere.160
22:32:01 | INFO: Primitives created: 1
22:32:01 | INFO: Extracting primitive: Cone.080
22:32:01 | INFO: Primitives created: 1
22:32:01 | INFO: Extracting primitive: Cone.081
22:32:01 | INFO: Primitives created: 1
22:32:01 | INFO: Extracting primitive: Cone.079
22:32:01 | INFO: Primitives created: 1
22:32:01 | INFO: Extracting primitive: Hull badge.002
22:32:01 | INFO: Primitives created: 1
22:32:01 | INFO: Extracting primitive: Sphere.161
22:32:01 | INFO: Primitives created: 1
22:32:01 | INFO: Extracting primitive: Torus.005
22:32:01 | INFO: Primitives created: 1
22:32:01 | INFO: Extracting primitive: Sphere.158
22:32:01 | INFO: Primitives created: 1
22:32:01 | INFO: Extracting primitive: Cube.080
22:32:01 | INFO: Primitives created: 1
22:32:01 | INFO: Extracting primitive: Sphere.159
22:32:01 | INFO: Primitives created: 1
22:32:01 | INFO: Extracting primitive: Mesh
22:32:01 | INFO: Primitives created: 1
22:32:01 | INFO: Extracting primitive: Cone.082
22:32:01 | INFO: Primitives created: 1
22:32:01 | INFO: Extracting primitive: Cone.083
22:32:01 | INFO: Primitives created: 1
22:32:01 | INFO: Extracting primitive: Cone.078
22:32:01 | INFO: Primitives created: 1
22:32:01 | INFO: Finished glTF 2.0 export in 2.742180585861206 s

22:32:02 | INFO: Starting glTF 2.0 export
22:32:02 | INFO: Extracting primitive: Mesh
22:32:02 | INFO: Primitives created: 0
22:32:02 | WARNING: Mesh 'Mesh' has no primitives and will be omitted.
22:32:02 | INFO: Extracting primitive: Sphere.186
22:32:02 | INFO: Primitives created: 1
22:32:02 | INFO: Extracting primitive: Plane.003
22:32:02 | INFO: Primitives created: 1
22:32:02 | INFO: Extracting primitive: Cone.109
22:32:02 | INFO: Primitives created: 1
22:32:02 | INFO: Extracting primitive: Cone.110
22:32:02 | INFO: Primitives created: 1
22:32:02 | INFO: Extracting primitive: Cone.111
22:32:02 | INFO: Primitives created: 1
22:32:02 | INFO: Extracting primitive: Cone.112
22:32:02 | INFO: Primitives created: 1
22:32:02 | INFO: Extracting primitive: Icosphere.003
22:32:02 | INFO: Primitives created: 1
22:32:02 | INFO: Extracting primitive: Icosphere.004
22:32:02 | INFO: Primitives created: 1
22:32:02 | INFO: Extracting primitive: Icosphere.005
22:32:02 | INFO: Primitives created: 1
22:32:02 | INFO: Extracting primitive: Sphere.165
22:32:02 | INFO: Primitives created: 1
22:32:02 | INFO: Extracting primitive: Cone.095
22:32:02 | INFO: Primitives created: 1
22:32:02 | INFO: Extracting primitive: Flag
22:32:02 | INFO: Primitives created: 1
22:32:02 | INFO: Extracting primitive: Torus.006
22:32:02 | INFO: Primitives created: 1
22:32:02 | INFO: Extracting primitive: Cone.096
22:32:02 | INFO: Primitives created: 1
22:32:02 | INFO: Extracting primitive: Cone.097
22:32:02 | INFO: Primitives created: 1
22:32:02 | INFO: Extracting primitive: Sphere.166
22:32:02 | INFO: Primitives created: 1
22:32:02 | INFO: Extracting primitive: Sphere.167
22:32:02 | INFO: Primitives created: 1
22:32:02 | INFO: Extracting primitive: Cube.093
22:32:02 | INFO: Primitives created: 1
22:32:02 | INFO: Extracting primitive: Cube.094
22:32:02 | INFO: Primitives created: 1
22:32:02 | INFO: Extracting primitive: Cube.095
22:32:02 | INFO: Primitives created: 1
22:32:02 | INFO: Extracting primitive: Cube.096
22:32:02 | INFO: Primitives created: 1
22:32:02 | INFO: Extracting primitive: Cube.097
22:32:02 | INFO: Primitives created: 1
22:32:02 | INFO: Extracting primitive: Cube.098
22:32:02 | INFO: Primitives created: 1
22:32:02 | INFO: Extracting primitive: Cube.099
22:32:02 | INFO: Primitives created: 1
22:32:02 | INFO: Extracting primitive: Start title
22:32:02 | INFO: Primitives created: 1
22:32:02 | INFO: Extracting primitive: Cone.098
22:32:02 | INFO: Primitives created: 1
22:32:02 | INFO: Extracting primitive: Cone.099
22:32:02 | INFO: Primitives created: 1
22:32:02 | INFO: Extracting primitive: Ramp
22:32:02 | INFO: Primitives created: 1
22:32:02 | INFO: Extracting primitive: Cube.168
22:32:02 | INFO: Primitives created: 1
22:32:02 | INFO: Extracting primitive: Charge
22:32:02 | INFO: Primitives created: 1
22:32:02 | INFO: Extracting primitive: Torus.010
22:32:02 | INFO: Primitives created: 1
22:32:02 | INFO: Extracting primitive: Cube.169
22:32:02 | INFO: Primitives created: 1
22:32:02 | INFO: Extracting primitive: Arrow
22:32:02 | INFO: Primitives created: 1
22:32:02 | INFO: Extracting primitive: Cone.100
22:32:02 | INFO: Primitives created: 1
22:32:02 | INFO: Extracting primitive: Cone.101
22:32:02 | INFO: Primitives created: 1
22:32:02 | INFO: Extracting primitive: Cube.100
22:32:02 | INFO: Primitives created: 1
22:32:02 | INFO: Extracting primitive: Cube.168
22:32:02 | INFO: Primitives created: 1
22:32:02 | INFO: Extracting primitive: Cube.169
22:32:02 | INFO: Primitives created: 1
22:32:02 | INFO: Extracting primitive: Cube.100
22:32:02 | INFO: Primitives created: 1
22:32:02 | INFO: Extracting primitive: Cube.168
22:32:02 | INFO: Primitives created: 1
22:32:02 | INFO: Extracting primitive: Cube.169
22:32:02 | INFO: Primitives created: 1
22:32:02 | INFO: Extracting primitive: Cube.100
22:32:02 | INFO: Primitives created: 1
22:32:02 | INFO: Extracting primitive: Cube.081
22:32:02 | INFO: Primitives created: 1
22:32:02 | INFO: Extracting primitive: Cube.082
22:32:02 | INFO: Primitives created: 1
22:32:02 | INFO: Extracting primitive: Cube.083
22:32:02 | INFO: Primitives created: 1
22:32:02 | INFO: Extracting primitive: Cube.084
22:32:02 | INFO: Primitives created: 1
22:32:02 | INFO: Extracting primitive: Cube.085
22:32:02 | INFO: Primitives created: 1
22:32:02 | INFO: Extracting primitive: Cube.086
22:32:02 | INFO: Primitives created: 1
22:32:02 | INFO: Extracting primitive: Cube.087
22:32:02 | INFO: Primitives created: 1
22:32:02 | INFO: Extracting primitive: Cube.088
22:32:02 | INFO: Primitives created: 1
22:32:02 | INFO: Extracting primitive: Cube.089
22:32:02 | INFO: Primitives created: 1
22:32:02 | INFO: Extracting primitive: Cube.090
22:32:02 | INFO: Primitives created: 1
22:32:02 | INFO: Extracting primitive: Cube.091
22:32:02 | INFO: Primitives created: 1
22:32:02 | INFO: Extracting primitive: Cube.092
22:32:02 | INFO: Primitives created: 1
22:32:02 | INFO: Extracting primitive: Cone.091
22:32:02 | INFO: Primitives created: 1
22:32:02 | INFO: Extracting primitive: Cone.092
22:32:02 | INFO: Primitives created: 1
22:32:02 | INFO: Extracting primitive: Cone.093
22:32:02 | INFO: Primitives created: 1
22:32:02 | INFO: Extracting primitive: Cone.094
22:32:02 | INFO: Primitives created: 1
22:32:02 | INFO: Extracting primitive: Sphere.176
22:32:02 | INFO: Primitives created: 1
22:32:02 | INFO: Extracting primitive: Cube.166
22:32:02 | INFO: Primitives created: 1
22:32:02 | INFO: Extracting primitive: Cone.124
22:32:02 | INFO: Primitives created: 1
22:32:02 | INFO: Extracting primitive: Cube.167
22:32:02 | INFO: Primitives created: 1
22:32:02 | INFO: Extracting primitive: Cube.031
22:32:02 | INFO: Primitives created: 1
22:32:02 | INFO: Extracting primitive: Cube.032
22:32:02 | INFO: Primitives created: 1
22:32:02 | INFO: Extracting primitive: Cube.033
22:32:02 | INFO: Primitives created: 1
22:32:02 | INFO: Extracting primitive: Cube.034
22:32:02 | INFO: Primitives created: 1
22:32:02 | INFO: Extracting primitive: Cube.035
22:32:02 | INFO: Primitives created: 1
22:32:02 | INFO: Extracting primitive: Cube.036
22:32:02 | INFO: Primitives created: 1
22:32:02 | INFO: Extracting primitive: Cube.037
22:32:02 | INFO: Primitives created: 1
22:32:02 | INFO: Extracting primitive: Cube.039
22:32:02 | INFO: Primitives created: 1
22:32:02 | INFO: Extracting primitive: Cube.040
22:32:02 | INFO: Primitives created: 1
22:32:02 | INFO: Extracting primitive: Cube.041
22:32:02 | INFO: Primitives created: 1
22:32:02 | INFO: Extracting primitive: Cube.042
22:32:02 | INFO: Primitives created: 1
22:32:02 | INFO: Extracting primitive: Cube.043
22:32:02 | INFO: Primitives created: 1
22:32:02 | INFO: Extracting primitive: Cube.044
22:32:02 | INFO: Primitives created: 1
22:32:02 | INFO: Extracting primitive: Cube.045
22:32:02 | INFO: Primitives created: 1
22:32:02 | INFO: Extracting primitive: Cube.030
22:32:02 | INFO: Primitives created: 1
22:32:02 | INFO: Extracting primitive: Cube.038
22:32:02 | INFO: Primitives created: 1
22:32:02 | INFO: Extracting primitive: Sphere.152
22:32:02 | INFO: Primitives created: 1
22:32:02 | INFO: Extracting primitive: Cone.068
22:32:02 | INFO: Primitives created: 1
22:32:02 | INFO: Extracting primitive: Cone.069
22:32:02 | INFO: Primitives created: 1
22:32:02 | INFO: Extracting primitive: Cone.067
22:32:02 | INFO: Primitives created: 1
22:32:02 | INFO: Extracting primitive: Hull badge
22:32:02 | INFO: Primitives created: 1
22:32:02 | INFO: Extracting primitive: Sphere.153
22:32:02 | INFO: Primitives created: 1
22:32:02 | INFO: Extracting primitive: Torus.003
22:32:02 | INFO: Primitives created: 1
22:32:02 | INFO: Extracting primitive: Sphere.150
22:32:02 | INFO: Primitives created: 1
22:32:02 | INFO: Extracting primitive: Cube.046
22:32:02 | INFO: Primitives created: 1
22:32:02 | INFO: Extracting primitive: Sphere.151
22:32:02 | INFO: Primitives created: 1
22:32:02 | INFO: Extracting primitive: Mesh
22:32:02 | INFO: Primitives created: 1
22:32:02 | INFO: Extracting primitive: Cone.070
22:32:02 | INFO: Primitives created: 1
22:32:02 | INFO: Extracting primitive: Cone.071
22:32:02 | INFO: Primitives created: 1
22:32:02 | INFO: Extracting primitive: Cone.066
22:32:02 | INFO: Primitives created: 1
22:32:02 | INFO: Extracting primitive: Cube.048
22:32:02 | INFO: Primitives created: 1
22:32:02 | INFO: Extracting primitive: Cube.049
22:32:02 | INFO: Primitives created: 1
22:32:02 | INFO: Extracting primitive: Cube.050
22:32:02 | INFO: Primitives created: 1
22:32:02 | INFO: Extracting primitive: Cube.051
22:32:02 | INFO: Primitives created: 1
22:32:02 | INFO: Extracting primitive: Cube.052
22:32:02 | INFO: Primitives created: 1
22:32:02 | INFO: Extracting primitive: Cube.053
22:32:02 | INFO: Primitives created: 1
22:32:02 | INFO: Extracting primitive: Cube.054
22:32:02 | INFO: Primitives created: 1
22:32:02 | INFO: Extracting primitive: Cube.056
22:32:02 | INFO: Primitives created: 1
22:32:02 | INFO: Extracting primitive: Cube.057
22:32:02 | INFO: Primitives created: 1
22:32:02 | INFO: Extracting primitive: Cube.058
22:32:02 | INFO: Primitives created: 1
22:32:02 | INFO: Extracting primitive: Cube.059
22:32:02 | INFO: Primitives created: 1
22:32:02 | INFO: Extracting primitive: Cube.060
22:32:02 | INFO: Primitives created: 1
22:32:02 | INFO: Extracting primitive: Cube.061
22:32:02 | INFO: Primitives created: 1
22:32:02 | INFO: Extracting primitive: Cube.062
22:32:02 | INFO: Primitives created: 1
22:32:02 | INFO: Extracting primitive: Cube.047
22:32:02 | INFO: Primitives created: 1
22:32:02 | INFO: Extracting primitive: Cube.055
22:32:02 | INFO: Primitives created: 1
22:32:02 | INFO: Extracting primitive: Sphere.156
22:32:02 | INFO: Primitives created: 1
22:32:02 | INFO: Extracting primitive: Cone.074
22:32:02 | INFO: Primitives created: 1
22:32:02 | INFO: Extracting primitive: Cone.075
22:32:02 | INFO: Primitives created: 1
22:32:02 | INFO: Extracting primitive: Cone.073
22:32:02 | INFO: Primitives created: 1
22:32:02 | INFO: Extracting primitive: Hull badge.001
22:32:02 | INFO: Primitives created: 1
22:32:02 | INFO: Extracting primitive: Sphere.157
22:32:02 | INFO: Primitives created: 1
22:32:02 | INFO: Extracting primitive: Torus.004
22:32:02 | INFO: Primitives created: 1
22:32:02 | INFO: Extracting primitive: Sphere.154
22:32:02 | INFO: Primitives created: 1
22:32:02 | INFO: Extracting primitive: Cube.063
22:32:02 | INFO: Primitives created: 1
22:32:02 | INFO: Extracting primitive: Sphere.155
22:32:02 | INFO: Primitives created: 1
22:32:02 | INFO: Extracting primitive: Mesh
22:32:03 | INFO: Primitives created: 1
22:32:03 | INFO: Extracting primitive: Cone.076
22:32:03 | INFO: Primitives created: 1
22:32:03 | INFO: Extracting primitive: Cone.077
22:32:03 | INFO: Primitives created: 1
22:32:03 | INFO: Extracting primitive: Cone.072
22:32:03 | INFO: Primitives created: 1
22:32:03 | INFO: Extracting primitive: Cube.065
22:32:03 | INFO: Primitives created: 1
22:32:03 | INFO: Extracting primitive: Cube.066
22:32:03 | INFO: Primitives created: 1
22:32:03 | INFO: Extracting primitive: Cube.067
22:32:03 | INFO: Primitives created: 1
22:32:03 | INFO: Extracting primitive: Cube.068
22:32:03 | INFO: Primitives created: 1
22:32:03 | INFO: Extracting primitive: Cube.069
22:32:03 | INFO: Primitives created: 1
22:32:03 | INFO: Extracting primitive: Cube.070
22:32:03 | INFO: Primitives created: 1
22:32:03 | INFO: Extracting primitive: Cube.071
22:32:03 | INFO: Primitives created: 1
22:32:03 | INFO: Extracting primitive: Cube.073
22:32:03 | INFO: Primitives created: 1
22:32:03 | INFO: Extracting primitive: Cube.074
22:32:03 | INFO: Primitives created: 1
22:32:03 | INFO: Extracting primitive: Cube.075
22:32:03 | INFO: Primitives created: 1
22:32:03 | INFO: Extracting primitive: Cube.076
22:32:03 | INFO: Primitives created: 1
22:32:03 | INFO: Extracting primitive: Cube.077
22:32:03 | INFO: Primitives created: 1
22:32:03 | INFO: Extracting primitive: Cube.078
22:32:03 | INFO: Primitives created: 1
22:32:03 | INFO: Extracting primitive: Cube.079
22:32:03 | INFO: Primitives created: 1
22:32:03 | INFO: Extracting primitive: Cube.064
22:32:03 | INFO: Primitives created: 1
22:32:03 | INFO: Extracting primitive: Cube.072
22:32:03 | INFO: Primitives created: 1
22:32:03 | INFO: Extracting primitive: Sphere.160
22:32:03 | INFO: Primitives created: 1
22:32:03 | INFO: Extracting primitive: Cone.080
22:32:03 | INFO: Primitives created: 1
22:32:03 | INFO: Extracting primitive: Cone.081
22:32:03 | INFO: Primitives created: 1
22:32:03 | INFO: Extracting primitive: Cone.079
22:32:03 | INFO: Primitives created: 1
22:32:03 | INFO: Extracting primitive: Hull badge.002
22:32:03 | INFO: Primitives created: 1
22:32:03 | INFO: Extracting primitive: Sphere.161
22:32:03 | INFO: Primitives created: 1
22:32:03 | INFO: Extracting primitive: Torus.005
22:32:03 | INFO: Primitives created: 1
22:32:03 | INFO: Extracting primitive: Sphere.158
22:32:03 | INFO: Primitives created: 1
22:32:03 | INFO: Extracting primitive: Cube.080
22:32:03 | INFO: Primitives created: 1
22:32:03 | INFO: Extracting primitive: Sphere.159
22:32:03 | INFO: Primitives created: 1
22:32:03 | INFO: Extracting primitive: Mesh
22:32:03 | INFO: Primitives created: 1
22:32:03 | INFO: Extracting primitive: Cone.082
22:32:03 | INFO: Primitives created: 1
22:32:03 | INFO: Extracting primitive: Cone.083
22:32:03 | INFO: Primitives created: 1
22:32:03 | INFO: Extracting primitive: Cone.078
22:32:03 | INFO: Primitives created: 1
22:32:03 | INFO: Finished glTF 2.0 export in 1.4516396522521973 s

22:32:03 | INFO: Starting glTF 2.0 export
22:32:03 | INFO: Extracting primitive: Mesh
22:32:03 | INFO: Primitives created: 0
22:32:03 | WARNING: Mesh 'Mesh' has no primitives and will be omitted.
22:32:03 | INFO: Extracting primitive: Sphere.187
22:32:03 | INFO: Primitives created: 1
22:32:03 | INFO: Extracting primitive: Plane.004
22:32:03 | INFO: Primitives created: 1
22:32:03 | INFO: Extracting primitive: Icosphere
22:32:03 | INFO: Primitives created: 1
22:32:03 | INFO: Extracting primitive: Icosphere.001
22:32:04 | INFO: Primitives created: 1
22:32:04 | INFO: Extracting primitive: Icosphere.002
22:32:04 | INFO: Primitives created: 1
22:32:04 | INFO: Extracting primitive: Torus.007
22:32:04 | INFO: Primitives created: 1
22:32:04 | INFO: Extracting primitive: Cone.118
22:32:04 | INFO: Primitives created: 1
22:32:04 | INFO: Extracting primitive: Cone.113
22:32:04 | INFO: Primitives created: 1
22:32:04 | INFO: Extracting primitive: Cone.114
22:32:04 | INFO: Primitives created: 1
22:32:04 | INFO: Extracting primitive: Cone.115
22:32:04 | INFO: Primitives created: 1
22:32:04 | INFO: Extracting primitive: Cone.116
22:32:04 | INFO: Primitives created: 1
22:32:04 | INFO: Extracting primitive: Cone.117
22:32:04 | INFO: Primitives created: 1
22:32:04 | INFO: Extracting primitive: Cone.119
22:32:04 | INFO: Primitives created: 1
22:32:04 | INFO: Extracting primitive: Sphere.165
22:32:04 | INFO: Primitives created: 1
22:32:04 | INFO: Extracting primitive: Cone.095
22:32:04 | INFO: Primitives created: 1
22:32:04 | INFO: Extracting primitive: Flag
22:32:04 | INFO: Primitives created: 1
22:32:04 | INFO: Extracting primitive: Torus.006
22:32:04 | INFO: Primitives created: 1
22:32:04 | INFO: Extracting primitive: Cone.096
22:32:04 | INFO: Primitives created: 1
22:32:04 | INFO: Extracting primitive: Cone.097
22:32:04 | INFO: Primitives created: 1
22:32:04 | INFO: Extracting primitive: Sphere.166
22:32:04 | INFO: Primitives created: 1
22:32:04 | INFO: Extracting primitive: Sphere.167
22:32:04 | INFO: Primitives created: 1
22:32:04 | INFO: Extracting primitive: Cube.093
22:32:04 | INFO: Primitives created: 1
22:32:04 | INFO: Extracting primitive: Cube.094
22:32:04 | INFO: Primitives created: 1
22:32:04 | INFO: Extracting primitive: Cube.095
22:32:04 | INFO: Primitives created: 1
22:32:04 | INFO: Extracting primitive: Cube.096
22:32:04 | INFO: Primitives created: 1
22:32:04 | INFO: Extracting primitive: Cube.097
22:32:04 | INFO: Primitives created: 1
22:32:04 | INFO: Extracting primitive: Cube.098
22:32:04 | INFO: Primitives created: 1
22:32:04 | INFO: Extracting primitive: Cube.099
22:32:04 | INFO: Primitives created: 1
22:32:04 | INFO: Extracting primitive: Start title
22:32:04 | INFO: Primitives created: 1
22:32:04 | INFO: Extracting primitive: Cone.098
22:32:04 | INFO: Primitives created: 1
22:32:04 | INFO: Extracting primitive: Cone.099
22:32:04 | INFO: Primitives created: 1
22:32:04 | INFO: Extracting primitive: Ramp
22:32:04 | INFO: Primitives created: 1
22:32:04 | INFO: Extracting primitive: Cube.168
22:32:04 | INFO: Primitives created: 1
22:32:04 | INFO: Extracting primitive: Charge
22:32:04 | INFO: Primitives created: 1
22:32:04 | INFO: Extracting primitive: Torus.010
22:32:04 | INFO: Primitives created: 1
22:32:04 | INFO: Extracting primitive: Cube.169
22:32:04 | INFO: Primitives created: 1
22:32:04 | INFO: Extracting primitive: Arrow
22:32:04 | INFO: Primitives created: 1
22:32:04 | INFO: Extracting primitive: Cone.100
22:32:04 | INFO: Primitives created: 1
22:32:04 | INFO: Extracting primitive: Cone.101
22:32:04 | INFO: Primitives created: 1
22:32:04 | INFO: Extracting primitive: Cube.100
22:32:04 | INFO: Primitives created: 1
22:32:04 | INFO: Extracting primitive: Cube.168
22:32:04 | INFO: Primitives created: 1
22:32:04 | INFO: Extracting primitive: Cube.169
22:32:04 | INFO: Primitives created: 1
22:32:04 | INFO: Extracting primitive: Cube.100
22:32:04 | INFO: Primitives created: 1
22:32:04 | INFO: Extracting primitive: Cube.168
22:32:04 | INFO: Primitives created: 1
22:32:04 | INFO: Extracting primitive: Cube.169
22:32:04 | INFO: Primitives created: 1
22:32:04 | INFO: Extracting primitive: Cube.100
22:32:04 | INFO: Primitives created: 1
22:32:04 | INFO: Extracting primitive: Cube.081
22:32:04 | INFO: Primitives created: 1
22:32:04 | INFO: Extracting primitive: Cube.082
22:32:04 | INFO: Primitives created: 1
22:32:04 | INFO: Extracting primitive: Cube.083
22:32:04 | INFO: Primitives created: 1
22:32:04 | INFO: Extracting primitive: Cube.084
22:32:04 | INFO: Primitives created: 1
22:32:04 | INFO: Extracting primitive: Cube.085
22:32:04 | INFO: Primitives created: 1
22:32:04 | INFO: Extracting primitive: Cube.086
22:32:04 | INFO: Primitives created: 1
22:32:04 | INFO: Extracting primitive: Cube.087
22:32:04 | INFO: Primitives created: 1
22:32:04 | INFO: Extracting primitive: Cube.088
22:32:04 | INFO: Primitives created: 1
22:32:04 | INFO: Extracting primitive: Cube.089
22:32:04 | INFO: Primitives created: 1
22:32:04 | INFO: Extracting primitive: Cube.090
22:32:04 | INFO: Primitives created: 1
22:32:04 | INFO: Extracting primitive: Cube.091
22:32:04 | INFO: Primitives created: 1
22:32:04 | INFO: Extracting primitive: Cube.092
22:32:04 | INFO: Primitives created: 1
22:32:04 | INFO: Extracting primitive: Cone.091
22:32:04 | INFO: Primitives created: 1
22:32:04 | INFO: Extracting primitive: Cone.092
22:32:04 | INFO: Primitives created: 1
22:32:04 | INFO: Extracting primitive: Cone.093
22:32:04 | INFO: Primitives created: 1
22:32:04 | INFO: Extracting primitive: Cone.094
22:32:04 | INFO: Primitives created: 1
22:32:04 | INFO: Extracting primitive: Sphere.176
22:32:04 | INFO: Primitives created: 1
22:32:04 | INFO: Extracting primitive: Cube.166
22:32:04 | INFO: Primitives created: 1
22:32:04 | INFO: Extracting primitive: Cone.124
22:32:04 | INFO: Primitives created: 1
22:32:04 | INFO: Extracting primitive: Cube.167
22:32:04 | INFO: Primitives created: 1
22:32:04 | INFO: Extracting primitive: Cube.031
22:32:04 | INFO: Primitives created: 1
22:32:04 | INFO: Extracting primitive: Cube.032
22:32:04 | INFO: Primitives created: 1
22:32:04 | INFO: Extracting primitive: Cube.033
22:32:04 | INFO: Primitives created: 1
22:32:04 | INFO: Extracting primitive: Cube.034
22:32:04 | INFO: Primitives created: 1
22:32:04 | INFO: Extracting primitive: Cube.035
22:32:04 | INFO: Primitives created: 1
22:32:04 | INFO: Extracting primitive: Cube.036
22:32:04 | INFO: Primitives created: 1
22:32:04 | INFO: Extracting primitive: Cube.037
22:32:04 | INFO: Primitives created: 1
22:32:04 | INFO: Extracting primitive: Cube.039
22:32:04 | INFO: Primitives created: 1
22:32:04 | INFO: Extracting primitive: Cube.040
22:32:04 | INFO: Primitives created: 1
22:32:04 | INFO: Extracting primitive: Cube.041
22:32:04 | INFO: Primitives created: 1
22:32:04 | INFO: Extracting primitive: Cube.042
22:32:04 | INFO: Primitives created: 1
22:32:04 | INFO: Extracting primitive: Cube.043
22:32:04 | INFO: Primitives created: 1
22:32:04 | INFO: Extracting primitive: Cube.044
22:32:04 | INFO: Primitives created: 1
22:32:04 | INFO: Extracting primitive: Cube.045
22:32:04 | INFO: Primitives created: 1
22:32:04 | INFO: Extracting primitive: Cube.030
22:32:04 | INFO: Primitives created: 1
22:32:04 | INFO: Extracting primitive: Cube.038
22:32:04 | INFO: Primitives created: 1
22:32:04 | INFO: Extracting primitive: Sphere.152
22:32:04 | INFO: Primitives created: 1
22:32:04 | INFO: Extracting primitive: Cone.068
22:32:04 | INFO: Primitives created: 1
22:32:04 | INFO: Extracting primitive: Cone.069
22:32:04 | INFO: Primitives created: 1
22:32:04 | INFO: Extracting primitive: Cone.067
22:32:04 | INFO: Primitives created: 1
22:32:04 | INFO: Extracting primitive: Hull badge
22:32:04 | INFO: Primitives created: 1
22:32:04 | INFO: Extracting primitive: Sphere.153
22:32:04 | INFO: Primitives created: 1
22:32:04 | INFO: Extracting primitive: Torus.003
22:32:04 | INFO: Primitives created: 1
22:32:04 | INFO: Extracting primitive: Sphere.150
22:32:04 | INFO: Primitives created: 1
22:32:04 | INFO: Extracting primitive: Cube.046
22:32:04 | INFO: Primitives created: 1
22:32:04 | INFO: Extracting primitive: Sphere.151
22:32:04 | INFO: Primitives created: 1
22:32:04 | INFO: Extracting primitive: Mesh
22:32:04 | INFO: Primitives created: 1
22:32:04 | INFO: Extracting primitive: Cone.070
22:32:04 | INFO: Primitives created: 1
22:32:04 | INFO: Extracting primitive: Cone.071
22:32:04 | INFO: Primitives created: 1
22:32:04 | INFO: Extracting primitive: Cone.066
22:32:04 | INFO: Primitives created: 1
22:32:04 | INFO: Extracting primitive: Cube.048
22:32:04 | INFO: Primitives created: 1
22:32:04 | INFO: Extracting primitive: Cube.049
22:32:04 | INFO: Primitives created: 1
22:32:04 | INFO: Extracting primitive: Cube.050
22:32:04 | INFO: Primitives created: 1
22:32:04 | INFO: Extracting primitive: Cube.051
22:32:04 | INFO: Primitives created: 1
22:32:04 | INFO: Extracting primitive: Cube.052
22:32:04 | INFO: Primitives created: 1
22:32:04 | INFO: Extracting primitive: Cube.053
22:32:04 | INFO: Primitives created: 1
22:32:04 | INFO: Extracting primitive: Cube.054
22:32:04 | INFO: Primitives created: 1
22:32:04 | INFO: Extracting primitive: Cube.056
22:32:04 | INFO: Primitives created: 1
22:32:04 | INFO: Extracting primitive: Cube.057
22:32:04 | INFO: Primitives created: 1
22:32:04 | INFO: Extracting primitive: Cube.058
22:32:04 | INFO: Primitives created: 1
22:32:04 | INFO: Extracting primitive: Cube.059
22:32:04 | INFO: Primitives created: 1
22:32:04 | INFO: Extracting primitive: Cube.060
22:32:04 | INFO: Primitives created: 1
22:32:04 | INFO: Extracting primitive: Cube.061
22:32:04 | INFO: Primitives created: 1
22:32:04 | INFO: Extracting primitive: Cube.062
22:32:04 | INFO: Primitives created: 1
22:32:04 | INFO: Extracting primitive: Cube.047
22:32:04 | INFO: Primitives created: 1
22:32:04 | INFO: Extracting primitive: Cube.055
22:32:04 | INFO: Primitives created: 1
22:32:04 | INFO: Extracting primitive: Sphere.156
22:32:04 | INFO: Primitives created: 1
22:32:04 | INFO: Extracting primitive: Cone.074
22:32:04 | INFO: Primitives created: 1
22:32:04 | INFO: Extracting primitive: Cone.075
22:32:04 | INFO: Primitives created: 1
22:32:04 | INFO: Extracting primitive: Cone.073
22:32:04 | INFO: Primitives created: 1
22:32:04 | INFO: Extracting primitive: Hull badge.001
22:32:04 | INFO: Primitives created: 1
22:32:04 | INFO: Extracting primitive: Sphere.157
22:32:04 | INFO: Primitives created: 1
22:32:04 | INFO: Extracting primitive: Torus.004
22:32:04 | INFO: Primitives created: 1
22:32:04 | INFO: Extracting primitive: Sphere.154
22:32:04 | INFO: Primitives created: 1
22:32:04 | INFO: Extracting primitive: Cube.063
22:32:04 | INFO: Primitives created: 1
22:32:04 | INFO: Extracting primitive: Sphere.155
22:32:04 | INFO: Primitives created: 1
22:32:04 | INFO: Extracting primitive: Mesh
22:32:04 | INFO: Primitives created: 1
22:32:04 | INFO: Extracting primitive: Cone.076
22:32:04 | INFO: Primitives created: 1
22:32:04 | INFO: Extracting primitive: Cone.077
22:32:04 | INFO: Primitives created: 1
22:32:04 | INFO: Extracting primitive: Cone.072
22:32:04 | INFO: Primitives created: 1
22:32:04 | INFO: Extracting primitive: Cube.065
22:32:04 | INFO: Primitives created: 1
22:32:04 | INFO: Extracting primitive: Cube.066
22:32:04 | INFO: Primitives created: 1
22:32:04 | INFO: Extracting primitive: Cube.067
22:32:04 | INFO: Primitives created: 1
22:32:04 | INFO: Extracting primitive: Cube.068
22:32:04 | INFO: Primitives created: 1
22:32:04 | INFO: Extracting primitive: Cube.069
22:32:04 | INFO: Primitives created: 1
22:32:04 | INFO: Extracting primitive: Cube.070
22:32:04 | INFO: Primitives created: 1
22:32:04 | INFO: Extracting primitive: Cube.071
22:32:04 | INFO: Primitives created: 1
22:32:04 | INFO: Extracting primitive: Cube.073
22:32:04 | INFO: Primitives created: 1
22:32:04 | INFO: Extracting primitive: Cube.074
22:32:04 | INFO: Primitives created: 1
22:32:04 | INFO: Extracting primitive: Cube.075
22:32:04 | INFO: Primitives created: 1
22:32:04 | INFO: Extracting primitive: Cube.076
22:32:04 | INFO: Primitives created: 1
22:32:04 | INFO: Extracting primitive: Cube.077
22:32:04 | INFO: Primitives created: 1
22:32:04 | INFO: Extracting primitive: Cube.078
22:32:04 | INFO: Primitives created: 1
22:32:04 | INFO: Extracting primitive: Cube.079
22:32:04 | INFO: Primitives created: 1
22:32:04 | INFO: Extracting primitive: Cube.064
22:32:04 | INFO: Primitives created: 1
22:32:04 | INFO: Extracting primitive: Cube.072
22:32:04 | INFO: Primitives created: 1
22:32:04 | INFO: Extracting primitive: Sphere.160
22:32:04 | INFO: Primitives created: 1
22:32:04 | INFO: Extracting primitive: Cone.080
22:32:04 | INFO: Primitives created: 1
22:32:04 | INFO: Extracting primitive: Cone.081
22:32:04 | INFO: Primitives created: 1
22:32:04 | INFO: Extracting primitive: Cone.079
22:32:04 | INFO: Primitives created: 1
22:32:04 | INFO: Extracting primitive: Hull badge.002
22:32:04 | INFO: Primitives created: 1
22:32:04 | INFO: Extracting primitive: Sphere.161
22:32:04 | INFO: Primitives created: 1
22:32:04 | INFO: Extracting primitive: Torus.005
22:32:04 | INFO: Primitives created: 1
22:32:04 | INFO: Extracting primitive: Sphere.158
22:32:04 | INFO: Primitives created: 1
22:32:04 | INFO: Extracting primitive: Cube.080
22:32:04 | INFO: Primitives created: 1
22:32:04 | INFO: Extracting primitive: Sphere.159
22:32:04 | INFO: Primitives created: 1
22:32:04 | INFO: Extracting primitive: Mesh
22:32:04 | INFO: Primitives created: 1
22:32:04 | INFO: Extracting primitive: Cone.082
22:32:04 | INFO: Primitives created: 1
22:32:04 | INFO: Extracting primitive: Cone.083
22:32:04 | INFO: Primitives created: 1
22:32:04 | INFO: Extracting primitive: Cone.078
22:32:04 | INFO: Primitives created: 1
22:32:05 | INFO: Finished glTF 2.0 export in 1.556166410446167 s

22:32:05 | INFO: Starting glTF 2.0 export
22:32:05 | INFO: Extracting primitive: Mesh
22:32:05 | INFO: Primitives created: 0
22:32:05 | WARNING: Mesh 'Mesh' has no primitives and will be omitted.
22:32:05 | INFO: Extracting primitive: Sphere.188
22:32:05 | INFO: Primitives created: 1
22:32:05 | INFO: Extracting primitive: Plane.005
22:32:05 | INFO: Primitives created: 1
22:32:05 | INFO: Extracting primitive: Torus.008
22:32:05 | INFO: Primitives created: 1
22:32:05 | INFO: Extracting primitive: Cone.121
22:32:05 | INFO: Primitives created: 1
22:32:05 | INFO: Extracting primitive: Cone.122
22:32:05 | INFO: Primitives created: 1
22:32:05 | INFO: Extracting primitive: Cone.123
22:32:05 | INFO: Primitives created: 1
22:32:05 | INFO: Extracting primitive: Sphere.174
22:32:05 | INFO: Primitives created: 1
22:32:05 | INFO: Extracting primitive: Cone.120
22:32:05 | INFO: Primitives created: 1
22:32:05 | INFO: Extracting primitive: Sphere.175
22:32:05 | INFO: Primitives created: 1
22:32:05 | INFO: Extracting primitive: Icosphere.006
22:32:05 | INFO: Primitives created: 1
22:32:05 | INFO: Extracting primitive: Icosphere.007
22:32:05 | INFO: Primitives created: 1
22:32:05 | INFO: Extracting primitive: Icosphere.008
22:32:05 | INFO: Primitives created: 1
22:32:05 | INFO: Extracting primitive: Torus.009
22:32:05 | INFO: Primitives created: 1
22:32:05 | INFO: Extracting primitive: Sphere.165
22:32:05 | INFO: Primitives created: 1
22:32:05 | INFO: Extracting primitive: Cone.095
22:32:05 | INFO: Primitives created: 1
22:32:05 | INFO: Extracting primitive: Flag
22:32:05 | INFO: Primitives created: 1
22:32:05 | INFO: Extracting primitive: Torus.006
22:32:06 | INFO: Primitives created: 1
22:32:06 | INFO: Extracting primitive: Cone.096
22:32:06 | INFO: Primitives created: 1
22:32:06 | INFO: Extracting primitive: Cone.097
22:32:06 | INFO: Primitives created: 1
22:32:06 | INFO: Extracting primitive: Sphere.166
22:32:06 | INFO: Primitives created: 1
22:32:06 | INFO: Extracting primitive: Sphere.167
22:32:06 | INFO: Primitives created: 1
22:32:06 | INFO: Extracting primitive: Cube.093
22:32:06 | INFO: Primitives created: 1
22:32:06 | INFO: Extracting primitive: Cube.094
22:32:06 | INFO: Primitives created: 1
22:32:06 | INFO: Extracting primitive: Cube.095
22:32:06 | INFO: Primitives created: 1
22:32:06 | INFO: Extracting primitive: Cube.096
22:32:06 | INFO: Primitives created: 1
22:32:06 | INFO: Extracting primitive: Cube.097
22:32:06 | INFO: Primitives created: 1
22:32:06 | INFO: Extracting primitive: Cube.098
22:32:06 | INFO: Primitives created: 1
22:32:06 | INFO: Extracting primitive: Cube.099
22:32:06 | INFO: Primitives created: 1
22:32:06 | INFO: Extracting primitive: Start title
22:32:06 | INFO: Primitives created: 1
22:32:06 | INFO: Extracting primitive: Cone.098
22:32:06 | INFO: Primitives created: 1
22:32:06 | INFO: Extracting primitive: Cone.099
22:32:06 | INFO: Primitives created: 1
22:32:06 | INFO: Extracting primitive: Ramp
22:32:06 | INFO: Primitives created: 1
22:32:06 | INFO: Extracting primitive: Cube.168
22:32:06 | INFO: Primitives created: 1
22:32:06 | INFO: Extracting primitive: Charge
22:32:06 | INFO: Primitives created: 1
22:32:06 | INFO: Extracting primitive: Torus.010
22:32:06 | INFO: Primitives created: 1
22:32:06 | INFO: Extracting primitive: Cube.169
22:32:06 | INFO: Primitives created: 1
22:32:06 | INFO: Extracting primitive: Arrow
22:32:06 | INFO: Primitives created: 1
22:32:06 | INFO: Extracting primitive: Cone.100
22:32:06 | INFO: Primitives created: 1
22:32:06 | INFO: Extracting primitive: Cone.101
22:32:06 | INFO: Primitives created: 1
22:32:06 | INFO: Extracting primitive: Cube.100
22:32:06 | INFO: Primitives created: 1
22:32:06 | INFO: Extracting primitive: Cube.168
22:32:06 | INFO: Primitives created: 1
22:32:06 | INFO: Extracting primitive: Cube.169
22:32:06 | INFO: Primitives created: 1
22:32:06 | INFO: Extracting primitive: Cube.100
22:32:06 | INFO: Primitives created: 1
22:32:06 | INFO: Extracting primitive: Cube.168
22:32:06 | INFO: Primitives created: 1
22:32:06 | INFO: Extracting primitive: Cube.169
22:32:06 | INFO: Primitives created: 1
22:32:06 | INFO: Extracting primitive: Cube.100
22:32:06 | INFO: Primitives created: 1
22:32:06 | INFO: Extracting primitive: Cube.081
22:32:06 | INFO: Primitives created: 1
22:32:06 | INFO: Extracting primitive: Cube.082
22:32:06 | INFO: Primitives created: 1
22:32:06 | INFO: Extracting primitive: Cube.083
22:32:06 | INFO: Primitives created: 1
22:32:06 | INFO: Extracting primitive: Cube.084
22:32:06 | INFO: Primitives created: 1
22:32:06 | INFO: Extracting primitive: Cube.085
22:32:06 | INFO: Primitives created: 1
22:32:06 | INFO: Extracting primitive: Cube.086
22:32:06 | INFO: Primitives created: 1
22:32:06 | INFO: Extracting primitive: Cube.087
22:32:06 | INFO: Primitives created: 1
22:32:06 | INFO: Extracting primitive: Cube.088
22:32:06 | INFO: Primitives created: 1
22:32:06 | INFO: Extracting primitive: Cube.089
22:32:06 | INFO: Primitives created: 1
22:32:06 | INFO: Extracting primitive: Cube.090
22:32:06 | INFO: Primitives created: 1
22:32:06 | INFO: Extracting primitive: Cube.091
22:32:06 | INFO: Primitives created: 1
22:32:06 | INFO: Extracting primitive: Cube.092
22:32:06 | INFO: Primitives created: 1
22:32:06 | INFO: Extracting primitive: Cone.091
22:32:06 | INFO: Primitives created: 1
22:32:06 | INFO: Extracting primitive: Cone.092
22:32:06 | INFO: Primitives created: 1
22:32:06 | INFO: Extracting primitive: Cone.093
22:32:06 | INFO: Primitives created: 1
22:32:06 | INFO: Extracting primitive: Cone.094
22:32:06 | INFO: Primitives created: 1
22:32:06 | INFO: Extracting primitive: Sphere.176
22:32:06 | INFO: Primitives created: 1
22:32:06 | INFO: Extracting primitive: Cube.166
22:32:06 | INFO: Primitives created: 1
22:32:06 | INFO: Extracting primitive: Cone.124
22:32:06 | INFO: Primitives created: 1
22:32:06 | INFO: Extracting primitive: Cube.167
22:32:06 | INFO: Primitives created: 1
22:32:06 | INFO: Extracting primitive: Cube.031
22:32:06 | INFO: Primitives created: 1
22:32:06 | INFO: Extracting primitive: Cube.032
22:32:06 | INFO: Primitives created: 1
22:32:06 | INFO: Extracting primitive: Cube.033
22:32:06 | INFO: Primitives created: 1
22:32:06 | INFO: Extracting primitive: Cube.034
22:32:06 | INFO: Primitives created: 1
22:32:06 | INFO: Extracting primitive: Cube.035
22:32:06 | INFO: Primitives created: 1
22:32:06 | INFO: Extracting primitive: Cube.036
22:32:06 | INFO: Primitives created: 1
22:32:06 | INFO: Extracting primitive: Cube.037
22:32:06 | INFO: Primitives created: 1
22:32:06 | INFO: Extracting primitive: Cube.039
22:32:06 | INFO: Primitives created: 1
22:32:06 | INFO: Extracting primitive: Cube.040
22:32:06 | INFO: Primitives created: 1
22:32:06 | INFO: Extracting primitive: Cube.041
22:32:06 | INFO: Primitives created: 1
22:32:06 | INFO: Extracting primitive: Cube.042
22:32:06 | INFO: Primitives created: 1
22:32:06 | INFO: Extracting primitive: Cube.043
22:32:06 | INFO: Primitives created: 1
22:32:06 | INFO: Extracting primitive: Cube.044
22:32:06 | INFO: Primitives created: 1
22:32:06 | INFO: Extracting primitive: Cube.045
22:32:06 | INFO: Primitives created: 1
22:32:06 | INFO: Extracting primitive: Cube.030
22:32:06 | INFO: Primitives created: 1
22:32:06 | INFO: Extracting primitive: Cube.038
22:32:06 | INFO: Primitives created: 1
22:32:06 | INFO: Extracting primitive: Sphere.152
22:32:06 | INFO: Primitives created: 1
22:32:06 | INFO: Extracting primitive: Cone.068
22:32:06 | INFO: Primitives created: 1
22:32:06 | INFO: Extracting primitive: Cone.069
22:32:06 | INFO: Primitives created: 1
22:32:06 | INFO: Extracting primitive: Cone.067
22:32:06 | INFO: Primitives created: 1
22:32:06 | INFO: Extracting primitive: Hull badge
22:32:06 | INFO: Primitives created: 1
22:32:06 | INFO: Extracting primitive: Sphere.153
22:32:06 | INFO: Primitives created: 1
22:32:06 | INFO: Extracting primitive: Torus.003
22:32:06 | INFO: Primitives created: 1
22:32:06 | INFO: Extracting primitive: Sphere.150
22:32:06 | INFO: Primitives created: 1
22:32:06 | INFO: Extracting primitive: Cube.046
22:32:06 | INFO: Primitives created: 1
22:32:06 | INFO: Extracting primitive: Sphere.151
22:32:06 | INFO: Primitives created: 1
22:32:06 | INFO: Extracting primitive: Mesh
22:32:06 | INFO: Primitives created: 1
22:32:06 | INFO: Extracting primitive: Cone.070
22:32:06 | INFO: Primitives created: 1
22:32:06 | INFO: Extracting primitive: Cone.071
22:32:06 | INFO: Primitives created: 1
22:32:06 | INFO: Extracting primitive: Cone.066
22:32:06 | INFO: Primitives created: 1
22:32:06 | INFO: Extracting primitive: Cube.048
22:32:06 | INFO: Primitives created: 1
22:32:06 | INFO: Extracting primitive: Cube.049
22:32:06 | INFO: Primitives created: 1
22:32:06 | INFO: Extracting primitive: Cube.050
22:32:06 | INFO: Primitives created: 1
22:32:06 | INFO: Extracting primitive: Cube.051
22:32:06 | INFO: Primitives created: 1
22:32:06 | INFO: Extracting primitive: Cube.052
22:32:06 | INFO: Primitives created: 1
22:32:06 | INFO: Extracting primitive: Cube.053
22:32:06 | INFO: Primitives created: 1
22:32:06 | INFO: Extracting primitive: Cube.054
22:32:06 | INFO: Primitives created: 1
22:32:06 | INFO: Extracting primitive: Cube.056
22:32:06 | INFO: Primitives created: 1
22:32:06 | INFO: Extracting primitive: Cube.057
22:32:06 | INFO: Primitives created: 1
22:32:06 | INFO: Extracting primitive: Cube.058
22:32:06 | INFO: Primitives created: 1
22:32:06 | INFO: Extracting primitive: Cube.059
22:32:06 | INFO: Primitives created: 1
22:32:06 | INFO: Extracting primitive: Cube.060
22:32:06 | INFO: Primitives created: 1
22:32:06 | INFO: Extracting primitive: Cube.061
22:32:06 | INFO: Primitives created: 1
22:32:06 | INFO: Extracting primitive: Cube.062
22:32:06 | INFO: Primitives created: 1
22:32:06 | INFO: Extracting primitive: Cube.047
22:32:06 | INFO: Primitives created: 1
22:32:06 | INFO: Extracting primitive: Cube.055
22:32:06 | INFO: Primitives created: 1
22:32:06 | INFO: Extracting primitive: Sphere.156
22:32:06 | INFO: Primitives created: 1
22:32:06 | INFO: Extracting primitive: Cone.074
22:32:06 | INFO: Primitives created: 1
22:32:06 | INFO: Extracting primitive: Cone.075
22:32:06 | INFO: Primitives created: 1
22:32:06 | INFO: Extracting primitive: Cone.073
22:32:06 | INFO: Primitives created: 1
22:32:06 | INFO: Extracting primitive: Hull badge.001
22:32:06 | INFO: Primitives created: 1
22:32:06 | INFO: Extracting primitive: Sphere.157
22:32:06 | INFO: Primitives created: 1
22:32:06 | INFO: Extracting primitive: Torus.004
22:32:06 | INFO: Primitives created: 1
22:32:06 | INFO: Extracting primitive: Sphere.154
22:32:06 | INFO: Primitives created: 1
22:32:06 | INFO: Extracting primitive: Cube.063
22:32:06 | INFO: Primitives created: 1
22:32:06 | INFO: Extracting primitive: Sphere.155
22:32:06 | INFO: Primitives created: 1
22:32:06 | INFO: Extracting primitive: Mesh
22:32:06 | INFO: Primitives created: 1
22:32:06 | INFO: Extracting primitive: Cone.076
22:32:06 | INFO: Primitives created: 1
22:32:06 | INFO: Extracting primitive: Cone.077
22:32:06 | INFO: Primitives created: 1
22:32:06 | INFO: Extracting primitive: Cone.072
22:32:06 | INFO: Primitives created: 1
22:32:06 | INFO: Extracting primitive: Cube.065
22:32:06 | INFO: Primitives created: 1
22:32:06 | INFO: Extracting primitive: Cube.066
22:32:06 | INFO: Primitives created: 1
22:32:06 | INFO: Extracting primitive: Cube.067
22:32:06 | INFO: Primitives created: 1
22:32:06 | INFO: Extracting primitive: Cube.068
22:32:06 | INFO: Primitives created: 1
22:32:06 | INFO: Extracting primitive: Cube.069
22:32:06 | INFO: Primitives created: 1
22:32:06 | INFO: Extracting primitive: Cube.070
22:32:06 | INFO: Primitives created: 1
22:32:06 | INFO: Extracting primitive: Cube.071
22:32:06 | INFO: Primitives created: 1
22:32:06 | INFO: Extracting primitive: Cube.073
22:32:06 | INFO: Primitives created: 1
22:32:06 | INFO: Extracting primitive: Cube.074
22:32:06 | INFO: Primitives created: 1
22:32:06 | INFO: Extracting primitive: Cube.075
22:32:06 | INFO: Primitives created: 1
22:32:06 | INFO: Extracting primitive: Cube.076
22:32:06 | INFO: Primitives created: 1
22:32:06 | INFO: Extracting primitive: Cube.077
22:32:06 | INFO: Primitives created: 1
22:32:06 | INFO: Extracting primitive: Cube.078
22:32:06 | INFO: Primitives created: 1
22:32:06 | INFO: Extracting primitive: Cube.079
22:32:06 | INFO: Primitives created: 1
22:32:06 | INFO: Extracting primitive: Cube.064
22:32:06 | INFO: Primitives created: 1
22:32:06 | INFO: Extracting primitive: Cube.072
22:32:06 | INFO: Primitives created: 1
22:32:06 | INFO: Extracting primitive: Sphere.160
22:32:06 | INFO: Primitives created: 1
22:32:06 | INFO: Extracting primitive: Cone.080
22:32:06 | INFO: Primitives created: 1
22:32:06 | INFO: Extracting primitive: Cone.081
22:32:06 | INFO: Primitives created: 1
22:32:06 | INFO: Extracting primitive: Cone.079
22:32:06 | INFO: Primitives created: 1
22:32:06 | INFO: Extracting primitive: Hull badge.002
22:32:06 | INFO: Primitives created: 1
22:32:06 | INFO: Extracting primitive: Sphere.161
22:32:06 | INFO: Primitives created: 1
22:32:06 | INFO: Extracting primitive: Torus.005
22:32:06 | INFO: Primitives created: 1
22:32:06 | INFO: Extracting primitive: Sphere.158
22:32:06 | INFO: Primitives created: 1
22:32:06 | INFO: Extracting primitive: Cube.080
22:32:06 | INFO: Primitives created: 1
22:32:06 | INFO: Extracting primitive: Sphere.159
22:32:06 | INFO: Primitives created: 1
22:32:06 | INFO: Extracting primitive: Mesh
22:32:06 | INFO: Primitives created: 1
22:32:06 | INFO: Extracting primitive: Cone.082
22:32:06 | INFO: Primitives created: 1
22:32:06 | INFO: Extracting primitive: Cone.083
22:32:06 | INFO: Primitives created: 1
22:32:06 | INFO: Extracting primitive: Cone.078
22:32:06 | INFO: Primitives created: 1
22:32:07 | INFO: Finished glTF 2.0 export in 1.4875783920288086 s
00:51.765  render           | Saved: 'C:\SahilAppProjects\Spruce-M\assets\previews\04_Sunbeam_Lagoon.png'
01:31.781  render           | Saved: 'C:\SahilAppProjects\Spruce-M\assets\previews\05_Neon_Harbor.png'
02:15.453  render           | Saved: 'C:\SahilAppProjects\Spruce-M\assets\previews\06_Mangrove_Rush.png'
03:02.687  render           | Saved: 'C:\SahilAppProjects\Spruce-M\assets\previews\07_Glacier_Run.png'
03:56.406  render           | Saved: 'C:\SahilAppProjects\Spruce-M\assets\previews\08_Stormbreak_Bay.png'
04:49.609  render           | Saved: 'C:\SahilAppProjects\Spruce-M\assets\previews\09_Ember_Atoll.png'

Info: Saved as "Hydro_Drift_Courses.blend"
HYDRO_COURSES_COMPLETE
Blender 5.1.2 (hash ec6e62d40fa9 built 2026-05-19 01:37:34)

Blender quit
